<?xml version="1.0" encoding="UTF-8"?>
<window id="1014" type="window">
	<defaultcontrol always="true">50</defaultcontrol>
	<controls>
		<include>CommonBackground</include>
		<control type="group">
			<include>Animation.Common</include>
			<visible>!Window.IsActive(addoninformation)</visible>
			<control type="group">
				<left>90</left>
				<top>0</top>
				<control type="group">
	                <visible>Integer.IsGreater(Container(50).NumItems,0)</visible>
	                <control type="image">
	                	<left>0</left>
	                    <top>180</top>
	                    <width>550</width>
	                    <height>120</height>
	                    <visible>Control.HasFocus(50)</visible>
	                    <animation effect="fade" time="320" delay="200">Visible</animation>
	                    <animation effect="fade" time="50">Hidden</animation>
	                    <texture colordiffuse="$VAR[ColorHighlightVar]" border="5">listselect_fo.png</texture>
	                    <animation effect="slide" end="0,120" time="150" tween="cubic" easing="inout" condition="Integer.IsGreater(Container(50).Row,5)">Conditional</animation>
	                    <animation effect="slide" end="0,120" time="150" tween="cubic" easing="inout" condition="Integer.IsGreater(Container(50).Row,4)">Conditional</animation>
	                    <animation effect="slide" end="0,120" time="150" tween="cubic" easing="inout" condition="Integer.IsGreater(Container(50).Row,3)">Conditional</animation>
	                    <animation effect="slide" end="0,120" time="150" tween="cubic" easing="inout" condition="Integer.IsGreater(Container(50).Row,2)">Conditional</animation>
	                    <animation effect="slide" end="0,120" time="150" tween="cubic" easing="inout" condition="Integer.IsGreater(Container(50).Row,1)">Conditional</animation>
	                    <animation effect="slide" end="0,120" time="150" tween="cubic" easing="inout" condition="Integer.IsGreater(Container(50).Row,0)">Conditional</animation>
	                </control>
	            </control>
				<control type="panel" id="50">
					<left>0</left>
					<top>180</top>
					<width>550</width>
					<height>840</height>
					<onright condition="Integer.IsGreater(Container(51).NumItems,0)">51</onright>
					<onup>50</onup>
					<ondown>50</ondown>
					<viewtype label="535">list</viewtype>
					<scrolltime tween="quadratic" easing="out">200</scrolltime>
					<itemlayout height="120" width="550">
						<control type="image">
							<left>10</left>
							<top>10</top>
							<width>100</width>
							<height>100</height>
							<aspectratio>keep</aspectratio>
							<texture background="true">$INFO[ListItem.Icon]</texture>
						</control>
						<control type="label">
							<left>135</left>
							<top>3</top>
							<width>400</width>
							<height>70</height>
							<font>font30</font>
							<label>$INFO[ListItem.Label]</label>
						</control>
						<control type="label">
							<left>135</left>
							<top>52</top>
							<width>400</width>
							<height>60</height>
							<label>$INFO[ListItem.Label2]</label>
						</control>
					</itemlayout>
					<focusedlayout height="120" width="550">
						<control type="image">
							<left>10</left>
							<top>10</top>
							<width>100</width>
							<height>100</height>
							<aspectratio>keep</aspectratio>
							<texture background="true">$INFO[ListItem.Icon]</texture>
						</control>
						<control type="label">
							<left>135</left>
							<top>3</top>
							<width>400</width>
							<height>70</height>
							<font>font30</font>
							<label>$INFO[ListItem.Label]</label>
						</control>
						<control type="label">
							<left>135</left>
							<top>52</top>
							<width>400</width>
							<height>60</height>
							<label>$INFO[ListItem.Label2]</label>
						</control>
					</focusedlayout>
					<content>
				<item>
						<label>A&amp;E</label>
							<onclick>ActivateWindow(10025,&quot;plugin://plugin.video.exodusredux/?action=tvshows&amp;url=http%3a%2f%2fwww.tvmaze.com%2fnetworks%2f29%2fae&quot;,return)</onclick>
							<property name="menu_id">$NUMBER[10100]</property>
							<property name="id">abcstudios</property>
							<visible>!Skin.HasSetting(HomeMenuNoskyboxsetsButton)</visible>
						</item>
						<item>
							<label>ABC</label>
							<onclick>ActivateWindow(10025,&quot;plugin://plugin.video.exodusredux/?action=tvshows&amp;url=http%3a%2f%2fwww.tvmaze.com%2fnetworks%2f3%2fabc&quot;,return)</onclick>
							<property name="menu_id">$NUMBER[10200]</property>
							<property name="id">abcstudios</property>
							<visible>!Skin.HasSetting(HomeMenuNoskyboxsetsButton)</visible>
						</item>
						<item>
							<label>AMC</label>
							<onclick>ActivateWindow(10025,&quot;plugin://plugin.video.exodusredux/?action=tvshows&amp;url=http%3a%2f%2fwww.tvmaze.com%2fnetworks%2f20%2famc&quot;,return)</onclick>
							<property name="menu_id">$NUMBER[10300]</property>
							<property name="id">abcstudios</property>
							<visible>!Skin.HasSetting(HomeMenuNoskyboxsetsButton)</visible>
						</item>
						<item>
						    <label>AT-X</label>
							<onclick>ActivateWindow(10025,&quot;plugin://plugin.video.exodusredux/?action=tvshows&amp;url=http%3a%2f%2fwww.tvmaze.com%2fnetworks%2f167%2fat-x&quot;,return)</onclick>
							<property name="menu_id">$NUMBER[10400]</property>
							<property name="id">abcstudios</property>
							<visible>!Skin.HasSetting(HomeMenuNoskyboxsetsButton)</visible>
						</item>
						<item>
					   <label>Adult Swim</label>
							<onclick>ActivateWindow(10025,&quot;plugin://plugin.video.exodusredux/?action=tvshows&amp;url=http%3a%2f%2fwww.tvmaze.com%2fnetworks%2f10%2fadult-swim&quot;,return)</onclick>
							<property name="menu_id">$NUMBER[10500]</property>
							<property name="id">abcstudios</property>
							<visible>!Skin.HasSetting(HomeMenuNoskyboxsetsButton)</visible>
						</item>
						<item>
						  <label>Amazon</label>
							<onclick>ActivateWindow(10025,&quot;plugin://plugin.video.exodusredux/?action=tvshows&amp;url=http%3a%2f%2fwww.tvmaze.com%2fwebchannels%2f3%2famazon&quot;,return)</onclick>
							<property name="menu_id">$NUMBER[10600]</property>
							<property name="id">abcstudios</property>
							<visible>!Skin.HasSetting(HomeMenuNoskyboxsetsButton)</visible>
						</item>
						<item>
				     <label>Animal Planet</label>
							<onclick>ActivateWindow(10025,&quot;plugin://plugin.video.exodusredux/?action=tvshows&amp;url=http%3a%2f%2fwww.tvmaze.com%2fnetworks%2f92%2fanimal-planet&quot;,return)</onclick>
							<property name="menu_id">$NUMBER[10700]</property>
							<property name="id">abcstudios</property>
							<visible>!Skin.HasSetting(HomeMenuNoskyboxsetsButton)</visible>
						</item>
						<item>
						<label>Audience</label>
							<onclick>ActivateWindow(10025,&quot;plugin://plugin.video.exodusredux/?action=tvshows&amp;url=http%3a%2f%2fwww.tvmaze.com%2fnetworks%2f31%2faudience-network&quot;,return)</onclick>
							<property name="menu_id">$NUMBER[10800]</property>
							<property name="id">abcstudios</property>
							<visible>!Skin.HasSetting(HomeMenuNoskyboxsetsButton)</visible>
						</item>
						<item>
						<label>BBC America</label>
							<onclick>ActivateWindow(10025,&quot;plugin://plugin.video.exodusredux/?action=tvshows&amp;url=http%3a%2f%2fwww.tvmaze.com%2fnetworks%2f15%2fbbc-america&quot;,return)</onclick>
							<property name="menu_id">$NUMBER[10900]</property>
							<property name="id">abcstudios</property>
							<visible>!Skin.HasSetting(HomeMenuNoskyboxsetsButton)</visible>
						</item>
						<item>
						<label>BBC Four</label>
							<onclick>ActivateWindow(10025,&quot;plugin://plugin.video.exodusredux/?action=tvshows&amp;url=http%3a%2f%2fwww.tvmaze.com%2fnetworks%2f51%2fbbc-four&quot;,return)</onclick>
							<property name="menu_id">$NUMBER[11000]</property>
							<property name="id">abcstudios</property>
							<visible>!Skin.HasSetting(HomeMenuNoskyboxsetsButton)</visible>
						</item>
						<item>
						<label>BBC One</label>
							<onclick>ActivateWindow(10025,&quot;plugin://plugin.video.exodusredux/?action=tvshows&amp;url=http%3a%2f%2fwww.tvmaze.com%2fnetworks%2f12%2fbbc-one&quot;,return)</onclick>
							<property name="menu_id">$NUMBER[11100]</property>
							<property name="id">abcstudios</property>
							<visible>!Skin.HasSetting(HomeMenuNoskyboxsetsButton)</visible>
						</item>
						<item>
						<label>BBC Three</label>
							<onclick>ActivateWindow(10025,&quot;plugin://plugin.video.exodusredux/?action=tvshows&amp;url=http%3a%2f%2fwww.tvmaze.com%2fwebchannels%2f71%2fbbc-three&quot;,return)</onclick>
							<property name="menu_id">$NUMBER[11200]</property>
							<property name="id">abcstudios</property>
							<visible>!Skin.HasSetting(HomeMenuNoskyboxsetsButton)</visible>
						</item>
						<item>
						<label>BBC Two</label>
							<onclick>ActivateWindow(10025,&quot;plugin://plugin.video.exodusredux/?action=tvshows&amp;url=http%3a%2f%2fwww.tvmaze.com%2fnetworks%2f37%2fbbc-two&quot;,return)</onclick>
							<property name="menu_id">$NUMBER[11300]</property>
							<property name="id">abcstudios</property>
							<visible>!Skin.HasSetting(HomeMenuNoskyboxsetsButton)</visible>
						</item>
						<item>
							<label>BET</label>
							<onclick>ActivateWindow(10025,&quot;plugin://plugin.video.exodusredux/?action=tvshows&amp;url=http%3a%2f%2fwww.tvmaze.com%2fnetworks%2f56%2fbet&quot;,return)</onclick>
							<property name="menu_id">$NUMBER[11400]</property>
							<property name="id">abcstudios</property>
							<visible>!Skin.HasSetting(HomeMenuNoskyboxsetsButton)</visible>
						</item>
						<item>
						   <label>Bravo</label>
							<onclick>ActivateWindow(10025,&quot;plugin://plugin.video.exodusredux/?action=tvshows&amp;url=http%3a%2f%2fwww.tvmaze.com%2fnetworks%2f52%2fbravo&quot;,return)</onclick>
							<property name="menu_id">$NUMBER[11500]</property>
							<property name="id">abcstudios</property>
							<visible>!Skin.HasSetting(HomeMenuNoskyboxsetsButton)</visible>
						</item>
						<item>
                                   <label>CBC</label>
							<onclick>ActivateWindow(10025,&quot;plugin://plugin.video.exodusredux/?action=tvshows&amp;url=http%3a%2f%2fwww.tvmaze.com%2fnetworks%2f36%2fcbc&quot;,return)</onclick>
							<property name="menu_id">$NUMBER[11600]</property>
							<property name="id">abcstudios</property>
							<visible>!Skin.HasSetting(HomeMenuNoskyboxsetsButton)</visible>
						</item>
						<item>
							<label>CBS</label>
							<onclick>ActivateWindow(10025,&quot;plugin://plugin.video.exodusredux/?action=tvshows&amp;url=http%3a%2f%2fwww.tvmaze.com%2fnetworks%2f2%2fcbs&quot;,return)</onclick>
							<property name="menu_id">$NUMBER[11700]</property>
							<property name="id">abcstudios</property>
							<visible>!Skin.HasSetting(HomeMenuNoskyboxsetsButton)</visible>
						</item>
						<item>
							<label>CTV</label>
							<onclick>ActivateWindow(10025,&quot;plugin://plugin.video.exodusredux/?action=tvshows&amp;url=http%3a%2f%2fwww.tvmaze.com%2fnetworks%2f48%2fctv&quot;,return)</onclick>
							<property name="menu_id">$NUMBER[11800]</property>
							<property name="id">abcstudios</property>
							<visible>!Skin.HasSetting(HomeMenuNoskyboxsetsButton)</visible>
						</item>
						<item>
							<label>CW</label>
							<onclick>ActivateWindow(10025,&quot;plugin://plugin.video.exodusredux/?action=tvshows&amp;url=http%3a%2f%2fwww.tvmaze.com%2fnetworks%2f5%2fthe-cw&quot;,return)</onclick>
							<property name="menu_id">$NUMBER[11900]</property>
							<property name="id">abcstudios</property>
							<visible>!Skin.HasSetting(HomeMenuNoskyboxsetsButton)</visible>
						</item>
						<item>
						<label>CW Seed</label>
							<onclick>ActivateWindow(10025,&quot;plugin://plugin.video.exodusredux/?action=tvshows&amp;url=http%3a%2f%2fwww.tvmaze.com%2fwebchannels%2f13%2fcw-seed&quot;,return)</onclick>
							<property name="menu_id">$NUMBER[12000]</property>
							<property name="id">abcstudios</property>
							<visible>!Skin.HasSetting(HomeMenuNoskyboxsetsButton)</visible>
						</item>
						<item>
					<label>Cartoon Network</label>
							<onclick>ActivateWindow(10025,&quot;plugin://plugin.video.exodusredux/?action=tvshows&amp;url=http%3a%2f%2fwww.tvmaze.com%2fnetworks%2f11%2fcartoon-network&quot;,return)</onclick>
							<property name="menu_id">$NUMBER[12100]</property>
							<property name="id">abcstudios</property>
							<visible>!Skin.HasSetting(HomeMenuNoskyboxsetsButton)</visible>
						</item>
						<item>
						<label>Channel 4</label>
							<onclick>ActivateWindow(10025,&quot;plugin://plugin.video.exodusredux/?action=tvshows&amp;url=http%3a%2f%2fwww.tvmaze.com%2fnetworks%2f45%2fchannel-4&quot;,return)</onclick>
							<property name="menu_id">$NUMBER[12200]</property>
							<property name="id">abcstudios</property>
							<visible>!Skin.HasSetting(HomeMenuNoskyboxsetsButton)</visible>
						</item>
						<item>
						<label>Channel 5</label>
							<onclick>ActivateWindow(10025,&quot;plugin://plugin.video.exodusredux/?action=tvshows&amp;url=http%3a%2f%2fwww.tvmaze.com%2fnetworks%2f135%2fchannel-5&quot;,return)</onclick>
							<property name="menu_id">$NUMBER[12300]</property>
							<property name="id">abcstudios</property>
							<visible>!Skin.HasSetting(HomeMenuNoskyboxsetsButton)</visible>
						</item>
						<item>
						<label>Cinemax</label>
							<onclick>ActivateWindow(10025,&quot;plugin://plugin.video.exodusredux/?action=tvshows&amp;url=http%3a%2f%2fwww.tvmaze.com%2fnetworks%2f19%2fcinemax&quot;,return)</onclick>
							<property name="menu_id">$NUMBER[12400]</property>
							<property name="id">abcstudios</property>
							<visible>!Skin.HasSetting(HomeMenuNoskyboxsetsButton)</visible>
						</item>
						<item>
					<label>Comedy Central</label>
							<onclick>ActivateWindow(10025,&quot;plugin://plugin.video.exodusredux/?action=tvshows&amp;url=http%3a%2f%2fwww.tvmaze.com%2fnetworks%2f23%2fcomedy-central&quot;,return)</onclick>
							<property name="menu_id">$NUMBER[12500]</property>
							<property name="id">abcstudios</property>
							<visible>!Skin.HasSetting(HomeMenuNoskyboxsetsButton)</visible>
						</item>
						<item>
						<label>Crackle</label>
							<onclick>ActivateWindow(10025,&quot;plugin://plugin.video.exodusredux/?action=tvshows&amp;url=http%3a%2f%2fwww.tvmaze.com%2fwebchannels%2f4%2fcrackle&quot;,return)</onclick>
							<property name="menu_id">$NUMBER[12600]</property>
							<property name="id">abcstudios</property>
							<visible>!Skin.HasSetting(HomeMenuNoskyboxsetsButton)</visible>
						</item>
						<item>
				<label>Discovery Channel</label>
							<onclick>ActivateWindow(10025,&quot;plugin://plugin.video.exodusredux/?action=tvshows&amp;url=http%3a%2f%2fwww.tvmaze.com%2fnetworks%2f66%2fdiscovery-channel&quot;,return)</onclick>
							<property name="menu_id">$NUMBER[12600]</property>
							<property name="id">abcstudios</property>
							<visible>!Skin.HasSetting(HomeMenuNoskyboxsetsButton)</visible>
						</item>
						<item>
					<label>Discovery ID</label>
							<onclick>ActivateWindow(10025,&quot;plugin://plugin.video.exodusredux/?action=tvshows&amp;url=http%3a%2f%2fwww.tvmaze.com%2fnetworks%2f89%2finvestigation-discovery&quot;,return)</onclick>
							<property name="menu_id">$NUMBER[12700]</property>
							<property name="id">abcstudios</property>
							<visible>!Skin.HasSetting(HomeMenuNoskyboxsetsButton)</visible>
						</item>
						<item>
					<label>Disney Channel</label>
							<onclick>ActivateWindow(10025,&quot;plugin://plugin.video.exodusredux/?action=tvshows&amp;url=http%3a%2f%2fwww.tvmaze.com%2fnetworks%2f78%2fdisney-channel&quot;,return)</onclick>
							<property name="menu_id">$NUMBER[12800]</property>
							<property name="id">abcstudios</property>
							<visible>!Skin.HasSetting(HomeMenuNoskyboxsetsButton)</visible>
						</item>
						<item>
						<label>Disney XD</label>
							<onclick>ActivateWindow(10025,&quot;plugin://plugin.video.exodusredux/?action=tvshows&amp;url=http%3a%2f%2fwww.tvmaze.com%2fnetworks%2f25%2fdisney-xd&quot;,return)</onclick>
							<property name="menu_id">$NUMBER[12900]</property>
							<property name="id">abcstudios</property>
							<visible>!Skin.HasSetting(HomeMenuNoskyboxsetsButton)</visible>
						</item>
						<item>
				<label>E! Entertainment</label>
							<onclick>ActivateWindow(10025,&quot;plugin://plugin.video.exodusredux/?action=tvshows&amp;url=http%3a%2f%2fwww.tvmaze.com%2fnetworks%2f43%2fe&quot;,return)</onclick>
							<property name="menu_id">$NUMBER[13000]</property>
							<property name="id">abcstudios</property>
							<visible>!Skin.HasSetting(HomeMenuNoskyboxsetsButton)</visible>
						</item>
						<item>
							<label>E4</label>
							<onclick>ActivateWindow(10025,&quot;plugin://plugin.video.exodusredux/?action=tvshows&amp;url=http%3a%2f%2fwww.tvmaze.com%2fnetworks%2f41%2fe4&quot;,return)</onclick>
							<property name="menu_id">$NUMBER[13100]</property>
							<property name="id">abcstudios</property>
							<visible>!Skin.HasSetting(HomeMenuNoskyboxsetsButton)</visible>
						</item>
						<item>
							<label>FOX</label>
							<onclick>ActivateWindow(10025,&quot;plugin://plugin.video.exodusredux/?action=tvshows&amp;url=http%3a%2f%2fwww.tvmaze.com%2fnetworks%2f4%2ffox&quot;,return)</onclick>
							<property name="menu_id">$NUMBER[13200]</property>
							<property name="id">abcstudios</property>
							<visible>!Skin.HasSetting(HomeMenuNoskyboxsetsButton)</visible>
						</item>
						<item>
							<label>FX</label>
							<onclick>ActivateWindow(10025,&quot;plugin://plugin.video.exodusredux/?action=tvshows&amp;url=http%3a%2f%2fwww.tvmaze.com%2fnetworks%2f13%2ffx&quot;,return)</onclick>
							<property name="menu_id">$NUMBER[13300]</property>
							<property name="id">abcstudios</property>
							<visible>!Skin.HasSetting(HomeMenuNoskyboxsetsButton)</visible>
						</item>
						<item>
						<label>Freeform</label>
							<onclick>ActivateWindow(10025,&quot;plugin://plugin.video.exodusredux/?action=tvshows&amp;url=http%3a%2f%2fwww.tvmaze.com%2fnetworks%2f26%2ffreeform&quot;,return)</onclick>
							<property name="menu_id">$NUMBER[13400]</property>
							<property name="id">abcstudios</property>
							<visible>!Skin.HasSetting(HomeMenuNoskyboxsetsButton)</visible>
						</item>
						<item>
							<label>HBO</label>
							<onclick>ActivateWindow(10025,&quot;plugin://plugin.video.exodusredux/?action=tvshows&amp;url=http%3a%2f%2fwww.tvmaze.com%2fnetworks%2f8%2fhbo&quot;,return)</onclick>
							<property name="menu_id">$NUMBER[13500]</property>
							<property name="id">abcstudios</property>
							<visible>!Skin.HasSetting(HomeMenuNoskyboxsetsButton)</visible>
						</item>
						<item>
							<label>HGTV</label>
							<onclick>ActivateWindow(10025,&quot;plugin://plugin.video.exodusredux/?action=tvshows&amp;url=http%3a%2f%2fwww.tvmaze.com%2fnetworks%2f192%2fhgtv&quot;,return)</onclick>
							<property name="menu_id">$NUMBER[13600]</property>
							<property name="id">abcstudios</property>
							<visible>!Skin.HasSetting(HomeMenuNoskyboxsetsButton)</visible>
						</item>
						<item>
						<label>Hallmark</label>
							<onclick>ActivateWindow(10025,&quot;plugin://plugin.video.exodusredux/?action=tvshows&amp;url=http%3a%2f%2fwww.tvmaze.com%2fnetworks%2f50%2fhallmark-channel&quot;,return)</onclick>
							<property name="menu_id">$NUMBER[13700]</property>
							<property name="id">abcstudios</property>
							<visible>!Skin.HasSetting(HomeMenuNoskyboxsetsButton)</visible>
						</item>
						<item>
					<label>History Channel</label>
							<onclick>ActivateWindow(10025,&quot;plugin://plugin.video.exodusredux/?action=tvshows&amp;url=http%3a%2f%2fwww.tvmaze.com%2fnetworks%2f53%2fhistory&quot;,return)</onclick>
							<property name="menu_id">$NUMBER[13800]</property>
							<property name="id">abcstudios</property>
							<visible>!Skin.HasSetting(HomeMenuNoskyboxsetsButton)</visible>
						</item>
						<item>
							<label>ITV</label>
							<onclick>ActivateWindow(10025,&quot;plugin://plugin.video.exodusredux/?action=tvshows&amp;url=http%3a%2f%2fwww.tvmaze.com%2fnetworks%2f35%2fitv&quot;,return)</onclick>
							<property name="menu_id">$NUMBER[13900]</property>
							<property name="id">abcstudios</property>
							<visible>!Skin.HasSetting(HomeMenuNoskyboxsetsButton)</visible>
						</item>
						<item>
						<label>Lifetime</label>
							<onclick>ActivateWindow(10025,&quot;plugin://plugin.video.exodusredux/?action=tvshows&amp;url=http%3a%2f%2fwww.tvmaze.com%2fnetworks%2f18%2flifetime&quot;,return)</onclick>
							<property name="menu_id">$NUMBER[14000]</property>
							<property name="id">abcstudios</property>
							<visible>!Skin.HasSetting(HomeMenuNoskyboxsetsButton)</visible>
						</item>
						<item>
							<label>MTV</label>
							<onclick>ActivateWindow(10025,&quot;plugin://plugin.video.exodusredux/?action=tvshows&amp;url=http%3a%2f%2fwww.tvmaze.com%2fnetworks%2f22%2fmtv&quot;,return)</onclick>
							<property name="menu_id">$NUMBER[14100]</property>
							<property name="id">abcstudios</property>
							<visible>!Skin.HasSetting(HomeMenuNoskyboxsetsButton)</visible>
						</item>
						<item>
							<label>NBC</label>
							<onclick>ActivateWindow(10025,&quot;plugin://plugin.video.exodusredux/?action=tvshows&amp;url=http%3a%2f%2fwww.tvmaze.com%2fnetworks%2f1%2fnbc&quot;,return)</onclick>
							<property name="menu_id">$NUMBER[14200]</property>
							<property name="id">abcstudios</property>
							<visible>!Skin.HasSetting(HomeMenuNoskyboxsetsButton)</visible>
						</item>
						<item>
				<label>National Geographic</label>
							<onclick>ActivateWindow(10025,&quot;plugin://plugin.video.exodusredux/?action=tvshows&amp;url=http%3a%2f%2fwww.tvmaze.com%2fnetworks%2f42%2fnational-geographic-channel&quot;,return)</onclick>
							<property name="menu_id">$NUMBER[14300]</property>
							<property name="id">abcstudios</property>
							<visible>!Skin.HasSetting(HomeMenuNoskyboxsetsButton)</visible>
						</item>
						<item>
						<label>Netflix</label>
							<onclick>ActivateWindow(10025,&quot;plugin://plugin.video.exodusredux/?action=tvshows&amp;url=http%3a%2f%2fwww.tvmaze.com%2fwebchannels%2f1%2fnetflix&quot;,return)</onclick>
							<property name="menu_id">$NUMBER[14400]</property>
							<property name="id">abcstudios</property>
							<visible>!Skin.HasSetting(HomeMenuNoskyboxsetsButton)</visible>
						</item>
						<item>
					<label>Nickelodeon</label>
							<onclick>ActivateWindow(10025,&quot;plugin://plugin.video.exodusredux/?action=tvshows&amp;url=http%3a%2f%2fwww.tvmaze.com%2fnetworks%2f27%2fnickelodeon&quot;,return)</onclick>
							<property name="menu_id">$NUMBER[14500]</property>
							<property name="id">abcstudios</property>
							<visible>!Skin.HasSetting(HomeMenuNoskyboxsetsButton)</visible>
						</item>
						<item>
							<label>PBS</label>
							<onclick>ActivateWindow(10025,&quot;plugin://plugin.video.exodusredux/?action=tvshows&amp;url=http%3a%2f%2fwww.tvmaze.com%2fnetworks%2f85%2fpbs&quot;,return)</onclick>
							<property name="menu_id">$NUMBER[14600]</property>
							<property name="id">abcstudios</property>
							<visible>!Skin.HasSetting(HomeMenuNoskyboxsetsButton)</visible>
						</item>
						<item>
						<label>Showtime</label>
							<onclick>ActivateWindow(10025,&quot;plugin://plugin.video.exodusredux/?action=tvshows&amp;url=http%3a%2f%2fwww.tvmaze.com%2fnetworks%2f9%2fshowtime&quot;,return)</onclick>
							<property name="menu_id">$NUMBER[14700]</property>
							<property name="id">abcstudios</property>
							<visible>!Skin.HasSetting(HomeMenuNoskyboxsetsButton)</visible>
						</item>
						<item>
							<label>Sky1</label>
							<onclick>ActivateWindow(10025,&quot;plugin://plugin.video.exodusredux/?action=tvshows&amp;url=http%3a%2f%2fwww.tvmaze.com%2fnetworks%2f63%2fsky-1&quot;,return)</onclick>
							<property name="menu_id">$NUMBER[14800]</property>
							<property name="id">abcstudios</property>
							<visible>!Skin.HasSetting(HomeMenuNoskyboxsetsButton)</visible>
						</item>
						<item>
							<label>Starz</label>
							<onclick>ActivateWindow(10025,&quot;plugin://plugin.video.exodusredux/?action=tvshows&amp;url=http%3a%2f%2fwww.tvmaze.com%2fnetworks%2f17%2fstarz&quot;,return)</onclick>
							<property name="menu_id">$NUMBER[14900]</property>
							<property name="id">abcstudios</property>
							<visible>!Skin.HasSetting(HomeMenuNoskyboxsetsButton)</visible>
						</item>
						<item>
						<label>Sundance</label>
							<onclick>ActivateWindow(10025,&quot;plugin://plugin.video.exodusredux/?action=tvshows&amp;url=http%3a%2f%2fwww.tvmaze.com%2fnetworks%2f33%2fsundance-tv&quot;,return)</onclick>
							<property name="menu_id">$NUMBER[15000]</property>
							<property name="id">abcstudios</property>
							<visible>!Skin.HasSetting(HomeMenuNoskyboxsetsButton)</visible>
						</item>
						<item>
							<label>Syfy</label>
							<onclick>ActivateWindow(10025,&quot;plugin://plugin.video.exodusredux/?action=tvshows&amp;url=http%3a%2f%2fwww.tvmaze.com%2fnetworks%2f16%2fsyfy&quot;,return)</onclick>
							<property name="menu_id">$NUMBER[15100]</property>
							<property name="id">abcstudios</property>
							<visible>!Skin.HasSetting(HomeMenuNoskyboxsetsButton)</visible>
						</item>
						<item>
							<label>TBS</label>
							<onclick>ActivateWindow(10025,&quot;plugin://plugin.video.exodusredux/?action=tvshows&amp;url=http%3a%2f%2fwww.tvmaze.com%2fnetworks%2f32%2ftbs&quot;,return)</onclick>
							<property name="menu_id">$NUMBER[15200]</property>
							<property name="id">abcstudios</property>
							<visible>!Skin.HasSetting(HomeMenuNoskyboxsetsButton)</visible>
						</item>
						<item>
							<label>TLC</label>
							<onclick>ActivateWindow(10025,&quot;plugin://plugin.video.exodusredux/?action=tvshows&amp;url=http%3a%2f%2fwww.tvmaze.com%2fnetworks%2f80%2ftlc&quot;,return)</onclick>
							<property name="menu_id">$NUMBER[15300]</property>
							<property name="id">abcstudios</property>
							<visible>!Skin.HasSetting(HomeMenuNoskyboxsetsButton)</visible>
						</item>
						<item>
							<label>TNT</label>
							<onclick>ActivateWindow(10025,&quot;plugin://plugin.video.exodusredux/?action=tvshows&amp;url=http%3a%2f%2fwww.tvmaze.com%2fnetworks%2f14%2ftnt&quot;,return)</onclick>
							<property name="menu_id">$NUMBER[15400]</property>
							<property name="id">abcstudios</property>
							<visible>!Skin.HasSetting(HomeMenuNoskyboxsetsButton)</visible>
						</item>
						<item>
						<label>TV Land</label>
							<onclick>ActivateWindow(10025,&quot;plugin://plugin.video.exodusredux/?action=tvshows&amp;url=http%3a%2f%2fwww.tvmaze.com%2fnetworks%2f57%2ftvland&quot;,return)</onclick>
							<property name="menu_id">$NUMBER[15500]</property>
							<property name="id">abcstudios</property>
							<visible>!Skin.HasSetting(HomeMenuNoskyboxsetsButton)</visible>
						</item>
						<item>
					<label>Travel Channel</label>
							<onclick>ActivateWindow(10025,&quot;plugin://plugin.video.exodusredux/?action=tvshows&amp;url=http%3a%2f%2fwww.tvmaze.com%2fnetworks%2f82%2ftravel-channel&quot;,return)</onclick>
							<property name="menu_id">$NUMBER[15600]</property>
							<property name="id">abcstudios</property>
							<visible>!Skin.HasSetting(HomeMenuNoskyboxsetsButton)</visible>
						</item>
						<item>
							<label>TruTV</label>
							<onclick>ActivateWindow(10025,&quot;plugin://plugin.video.exodusredux/?action=tvshows&amp;url=http%3a%2f%2fwww.tvmaze.com%2fnetworks%2f84%2ftrutv&quot;,return)</onclick>
							<property name="menu_id">$NUMBER[15700]</property>
							<property name="id">abcstudios</property>
							<visible>!Skin.HasSetting(HomeMenuNoskyboxsetsButton)</visible>
						</item>
						<item>
							<label>USA</label>
							<onclick>ActivateWindow(10025,&quot;plugin://plugin.video.exodusredux/?action=tvshows&amp;url=http%3a%2f%2fwww.tvmaze.com%2fnetworks%2f30%2fusa-network&quot;,return)</onclick>
							<property name="menu_id">$NUMBER[15800]</property>
							<property name="id">abcstudios</property>
							<visible>!Skin.HasSetting(HomeMenuNoskyboxsetsButton)</visible>
						</item>
						<item>
							<label>VH1</label>
							<onclick>ActivateWindow(10025,&quot;plugin://plugin.video.exodusredux/?action=tvshows&amp;url=http%3a%2f%2fwww.tvmaze.com%2fnetworks%2f55%2fvh1&quot;,return)</onclick>
							<property name="menu_id">$NUMBER[15900]</property>
							<property name="id">abcstudios</property>
							<visible>!Skin.HasSetting(HomeMenuNoskyboxsetsButton)</visible>
						</item>
						<item>
							<label>WGN</label>
							<onclick>ActivateWindow(10025,&quot;plugin://plugin.video.exodusredux/?action=tvshows&amp;url=http%3a%2f%2fwww.tvmaze.com%2fnetworks%2f28%2fwgn-america&quot;,return)</onclick>
							<property name="menu_id">$NUMBER[16000]</property>
							<property name="id">abcstudios</property>
							<visible>!Skin.HasSetting(HomeMenuNoskyboxsetsButton)</visible>
						</item>
					</content>
				</control>
			</control>
			<control type="group">
				<control type="group">
	                <visible>Integer.IsGreater(Container(51).NumItems,0)</visible>
	                <control type="image">
	                	<left>730</left>
	                    <top>180</top>
	                    <width>1100</width>
	                    <height>120</height>
	                    <visible>Control.HasFocus(51)</visible>
	                    <animation effect="fade" time="320" delay="200">Visible</animation>
	                    <animation effect="fade" time="50">Hidden</animation>
	                    <texture colordiffuse="$VAR[ColorHighlightVar]" border="5">listselect_fo.png</texture>
	                    <animation effect="slide" end="0,120" time="150" tween="cubic" easing="inout" condition="Integer.IsGreater(Container(51).Row,5)">Conditional</animation>
	                    <animation effect="slide" end="0,120" time="150" tween="cubic" easing="inout" condition="Integer.IsGreater(Container(51).Row,4)">Conditional</animation>
	                    <animation effect="slide" end="0,120" time="150" tween="cubic" easing="inout" condition="Integer.IsGreater(Container(51).Row,3)">Conditional</animation>
	                    <animation effect="slide" end="0,120" time="150" tween="cubic" easing="inout" condition="Integer.IsGreater(Container(51).Row,2)">Conditional</animation>
	                    <animation effect="slide" end="0,120" time="150" tween="cubic" easing="inout" condition="Integer.IsGreater(Container(51).Row,1)">Conditional</animation>
	                    <animation effect="slide" end="0,120" time="150" tween="cubic" easing="inout" condition="Integer.IsGreater(Container(51).Row,0)">Conditional</animation>
	                </control>
	            </control>
				<control type="panel" id="51">
					<left>730</left>
					<top>180</top>
					<width>1100</width>
					<height>840</height>
					<onleft>50</onleft>
					<onright condition="Container(51).HasNext | Container(51).HasPrevious">60</onright>
					<onup>51</onup>
					<ondown>51</ondown>
					<animation effect="fade" start="100" end="0" time="150" condition="Container(51).IsUpdating">conditional</animation>
					<viewtype label="535">list</viewtype>
					<pagecontrol>60</pagecontrol>
					<scrolltime tween="quadratic" easing="out">200</scrolltime>
					<itemlayout height="120" width="810">
						<control type="image">
							<left>10</left>
							<top>10</top>
							<width>100</width>
							<height>100</height>
							<aspectratio scalediffuse="false">keep</aspectratio>
							<texture background="true" diffuse="diffuse/list-icon.png" fallback="DefaultFolder.png">$INFO[ListItem.Icon]</texture>
						</control>
						<control type="label">
							<left>135</left>
							<top>3</top>
							<width>940</width>
							<height>70</height>
							<font>font30</font>
							<label>$INFO[ListItem.Label]</label>
						</control>
						<control type="label">
							<left>135</left>
							<top>52</top>
							<width>940</width>
							<height>60</height>
							<label>$INFO[ListItem.AddonSummary]</label>
						</control>
					</itemlayout>
					<focusedlayout height="120" width="810">
						<control type="image">
							<left>10</left>
							<top>10</top>
							<width>100</width>
							<height>100</height>
							<aspectratio scalediffuse="false">keep</aspectratio>
							<texture background="true" diffuse="diffuse/list-icon.png" fallback="DefaultFolder.png">$INFO[ListItem.Icon]</texture>
						</control>
						<control type="label">
							<left>135</left>
							<top>3</top>
							<width>940</width>
							<height>70</height>
							<font>font30</font>
							<label>$INFO[ListItem.Label]</label>
						</control>
						<control type="label">
							<left>135</left>
							<top>52</top>
							<width>940</width>
							<height>60</height>
							<label>$INFO[ListItem.AddonSummary]</label>
						</control>
					</focusedlayout>
					<content target="$INFO[Container(50).ListItem.Property(AppsTarget)]" sortby="$INFO[Container(50).ListItem.Property(AppsSortBy)]" sortorder="descending">$INFO[Container(50).ListItem.Property(AppsContent)]</content>
				</control>
				<control type="scrollbar" id="60">
					<visible allowhiddenfocus="true">Control.HasFocus(60) | Container(51).Scrolling</visible>
					<animation effect="fade" time="150" tween="sine" easing="inout" start="0" end="100">Visible</animation>
					<left>1910</left>
					<top>120</top>
					<width>10</width>
					<height>960</height>
					<onup>60</onup>
					<ondown>60</ondown>
					<onleft>51</onleft>
					<onright>51</onright>
					<orientation>vertical</orientation>
				</control>
			</control>
		</control>
		<include>Topbar</include>
	</controls>
</window>
