<?xml version="1.0" encoding="UTF-8"?>
<window id="1028" type="window">
	<defaultcontrol always="true">50</defaultcontrol>
	<controls>
		<include>CommonBackground</include>
		<control type="group">
			<include>Animation.Common</include>
			<visible>!Window.IsActive(addoninformation)</visible>
			<control type="group">
				<left>90</left>
				<top>0</top>
				<control type="group">
	                <visible>Integer.IsGreater(Container(50).NumItems,0)</visible>
	                <control type="image">
	                	<left>0</left>
	                    <top>180</top>
	                    <width>550</width>
	                    <height>120</height>
	                    <visible>Control.HasFocus(50)</visible>
	                    <animation effect="fade" time="320" delay="200">Visible</animation>
	                    <animation effect="fade" time="50">Hidden</animation>
	                    <texture colordiffuse="$VAR[ColorHighlightVar]" border="5">listselect_fo.png</texture>
	                    <animation effect="slide" end="0,120" time="150" tween="cubic" easing="inout" condition="Integer.IsGreater(Container(50).Row,5)">Conditional</animation>
	                    <animation effect="slide" end="0,120" time="150" tween="cubic" easing="inout" condition="Integer.IsGreater(Container(50).Row,4)">Conditional</animation>
	                    <animation effect="slide" end="0,120" time="150" tween="cubic" easing="inout" condition="Integer.IsGreater(Container(50).Row,3)">Conditional</animation>
	                    <animation effect="slide" end="0,120" time="150" tween="cubic" easing="inout" condition="Integer.IsGreater(Container(50).Row,2)">Conditional</animation>
	                    <animation effect="slide" end="0,120" time="150" tween="cubic" easing="inout" condition="Integer.IsGreater(Container(50).Row,1)">Conditional</animation>
	                    <animation effect="slide" end="0,120" time="150" tween="cubic" easing="inout" condition="Integer.IsGreater(Container(50).Row,0)">Conditional</animation>
	                </control>
	            </control>
				<control type="panel" id="50">
					<left>0</left>
					<top>180</top>
					<width>550</width>
					<height>840</height>
					<onright condition="Integer.IsGreater(Container(51).NumItems,0)">51</onright>
					<onup>50</onup>
					<ondown>50</ondown>
					<viewtype label="535">list</viewtype>
					<scrolltime tween="quadratic" easing="out">200</scrolltime>
					<itemlayout height="120" width="550">
						<control type="image">
							<left>10</left>
							<top>10</top>
							<width>100</width>
							<height>100</height>
							<aspectratio>keep</aspectratio>
							<texture background="true">$INFO[ListItem.Icon]</texture>
						</control>
						<control type="label">
							<left>135</left>
							<top>3</top>
							<width>400</width>
							<height>70</height>
							<font>font30</font>
							<label>$INFO[ListItem.Label]</label>
						</control>
						<control type="label">
							<left>135</left>
							<top>52</top>
							<width>400</width>
							<height>60</height>
							<label>$INFO[ListItem.Label2]</label>
						</control>
					</itemlayout>
					<focusedlayout height="120" width="550">
						<control type="image">
							<left>10</left>
							<top>10</top>
							<width>100</width>
							<height>100</height>
							<aspectratio>keep</aspectratio>
							<texture background="true">$INFO[ListItem.Icon]</texture>
						</control>
						<control type="label">
							<left>135</left>
							<top>3</top>
							<width>400</width>
							<height>70</height>
							<font>font30</font>
							<label>$INFO[ListItem.Label]</label>
						</control>
						<control type="label">
							<left>135</left>
							<top>52</top>
							<width>400</width>
							<height>60</height>
							<label>$INFO[ListItem.Label2]</label>
						</control>
					</focusedlayout>
					<content>
						<item>
							<label>Ultimate WhiteCream</label>
							<onclick>ActivateWindow(10025,&quot;plugin://plugin.video.uwc/&quot;,return)</onclick>
							<icon>DefaultTVShows.png</icon>
							<property name="menu_id">$NUMBER[10700]</property>
							<property name="id">covenant</property>
							<visible>!Skin.HasSetting(HomeMenuNocatchuptvButton)</visible>
						</item>
						<item>
							<label>VideoDevil</label>
							<onclick>ActivateWindow(10025,&quot;plugin://plugin.video.videodevil/&quot;,return)</onclick>
							<icon>DefaultTVShows.png</icon>
							<property name="menu_id">$NUMBER[10750]</property>
							<property name="id">covenant</property>
							<visible>!Skin.HasSetting(HomeMenuNocatchuptvButton)</visible>
						</item>
						<item>
							<label>18+ Adult XXX</label>

							<onclick>ActivateWindow(10025,&quot;plugin://plugin.video.livetvSerbia/?fanart=https%3a%2f%2flivetvkodiserbia.com%2flive%2fassets%2fimages%2faddon%2fbackground%2fmovies.jpg&amp;mode=1&amp;name=%5bCOLOR%20pink%5d18%2b%20Adult%20XXX%5b%2fCOLOR%5d%20%20%2f%20premium&amp;url=https%3a%2f%2flivetvkodiserbia.com%2flive%2faddon%2fdaily%2fiptv-31.3.2019_15.46.06.xml%7cUser-Agent%3dMozilla%2f5.0%20(Windows%20NT%2010.0%3b%20Win64%3b%20x64%3b%20rv%3a63.0)%20LiveTVSerbia%2f20100101%20Firefox%2f63.0&quot;,return)</onclick>
							<icon>DefaultTVShows.png</icon>
							<property name="menu_id">$NUMBER[10800]</property>
							<property name="id">covenant</property>
							<visible>!Skin.HasSetting(HomeMenuNocatchuptvButton)</visible>
						</item>
						<item>
							<label>18+ Adult XXX</label>
							<onclick>ActivateWindow(10025,&quot;plugin://plugin.video.livetvSerbia/?fanart=https%3a%2f%2flivetvkodiserbia.com%2flive%2fassets%2fimages%2faddon%2fbackground%2fmovies.jpg&amp;mode=1&amp;name=%5bCOLOR%20pink%5d18%2b%20Adult%20XXX%5b%2fCOLOR%5d%20webarmen%20%2f%20auto%20update&amp;url=https%3a%2f%2flivetvkodiserbia.com%2faddonxml%2ftmp%2fwbxxx_kodi.m3u%24%24TSDOWNLOADER%24%24%7cUser-agent%3dVLC%2f2.2.4%20LibVLC%2f2.2.4&quot;,return)</onclick>
							<icon>DefaultTVShows.png</icon>
							<property name="menu_id">$NUMBER[10850]</property>
							<property name="id">covenant</property>
							<visible>!Skin.HasSetting(HomeMenuNocatchuptvButton)</visible>
						</item>
						<item>
							<label>18+ Adult XXX</label>
							<onclick>ActivateWindow(10025,&quot;plugin://plugin.video.temptv/?action=navXXX&quot;,return)</onclick>
							<icon>DefaultTVShows.png</icon>
							<property name="menu_id">$NUMBER[10900]</property>
							<property name="id">covenant</property>
							<visible>!Skin.HasSetting(HomeMenuNocatchuptvButton)</visible>
						</item>
					</content>
				</control>
			</control>
			<control type="group">
				<control type="group">
	                <visible>Integer.IsGreater(Container(51).NumItems,0)</visible>
	                <control type="image">
	                	<left>730</left>
	                    <top>180</top>
	                    <width>1100</width>
	                    <height>120</height>
	                    <visible>Control.HasFocus(51)</visible>
	                    <animation effect="fade" time="320" delay="200">Visible</animation>
	                    <animation effect="fade" time="50">Hidden</animation>
	                    <texture colordiffuse="$VAR[ColorHighlightVar]" border="5">listselect_fo.png</texture>
	                    <animation effect="slide" end="0,120" time="150" tween="cubic" easing="inout" condition="Integer.IsGreater(Container(51).Row,5)">Conditional</animation>
	                    <animation effect="slide" end="0,120" time="150" tween="cubic" easing="inout" condition="Integer.IsGreater(Container(51).Row,4)">Conditional</animation>
	                    <animation effect="slide" end="0,120" time="150" tween="cubic" easing="inout" condition="Integer.IsGreater(Container(51).Row,3)">Conditional</animation>
	                    <animation effect="slide" end="0,120" time="150" tween="cubic" easing="inout" condition="Integer.IsGreater(Container(51).Row,2)">Conditional</animation>
	                    <animation effect="slide" end="0,120" time="150" tween="cubic" easing="inout" condition="Integer.IsGreater(Container(51).Row,1)">Conditional</animation>
	                    <animation effect="slide" end="0,120" time="150" tween="cubic" easing="inout" condition="Integer.IsGreater(Container(51).Row,0)">Conditional</animation>
	                </control>
	            </control>
				<control type="panel" id="51">
					<left>730</left>
					<top>180</top>
					<width>1100</width>
					<height>840</height>
					<onleft>50</onleft>
					<onright condition="Container(51).HasNext | Container(51).HasPrevious">60</onright>
					<onup>51</onup>
					<ondown>51</ondown>
					<animation effect="fade" start="100" end="0" time="150" condition="Container(51).IsUpdating">conditional</animation>
					<viewtype label="535">list</viewtype>
					<pagecontrol>60</pagecontrol>
					<scrolltime tween="quadratic" easing="out">200</scrolltime>
					<itemlayout height="120" width="810">
						<control type="image">
							<left>10</left>
							<top>10</top>
							<width>100</width>
							<height>100</height>
							<aspectratio scalediffuse="false">keep</aspectratio>
							<texture background="true" diffuse="diffuse/list-icon.png" fallback="DefaultFolder.png">$INFO[ListItem.Icon]</texture>
						</control>
						<control type="label">
							<left>135</left>
							<top>3</top>
							<width>940</width>
							<height>70</height>
							<font>font30</font>
							<label>$INFO[ListItem.Label]</label>
						</control>
						<control type="label">
							<left>135</left>
							<top>52</top>
							<width>940</width>
							<height>60</height>
							<label>$INFO[ListItem.AddonSummary]</label>
						</control>
					</itemlayout>
					<focusedlayout height="120" width="810">
						<control type="image">
							<left>10</left>
							<top>10</top>
							<width>100</width>
							<height>100</height>
							<aspectratio scalediffuse="false">keep</aspectratio>
							<texture background="true" diffuse="diffuse/list-icon.png" fallback="DefaultFolder.png">$INFO[ListItem.Icon]</texture>
						</control>
						<control type="label">
							<left>135</left>
							<top>3</top>
							<width>940</width>
							<height>70</height>
							<font>font30</font>
							<label>$INFO[ListItem.Label]</label>
						</control>
						<control type="label">
							<left>135</left>
							<top>52</top>
							<width>940</width>
							<height>60</height>
							<label>$INFO[ListItem.AddonSummary]</label>
						</control>
					</focusedlayout>
					<content target="$INFO[Container(50).ListItem.Property(AppsTarget)]" sortby="$INFO[Container(50).ListItem.Property(AppsSortBy)]" sortorder="descending">$INFO[Container(50).ListItem.Property(AppsContent)]</content>
				</control>
				<control type="scrollbar" id="60">
					<visible allowhiddenfocus="true">Control.HasFocus(60) | Container(51).Scrolling</visible>
					<animation effect="fade" time="150" tween="sine" easing="inout" start="0" end="100">Visible</animation>
					<left>1910</left>
					<top>120</top>
					<width>10</width>
					<height>960</height>
					<onup>60</onup>
					<ondown>60</ondown>
					<onleft>51</onleft>
					<onright>51</onright>
					<orientation>vertical</orientation>
				</control>
			</control>
		</control>
		<include>Topbar</include>
	</controls>
</window>
