<?xml version="1.0" encoding="UTF-8"?>
<window id="1016" type="window">
	<defaultcontrol always="true">50</defaultcontrol>
	<controls>
		<include>CommonBackground</include>
		<control type="group">
			<include>Animation.Common</include>
			<visible>!Window.IsActive(addoninformation)</visible>
			<control type="group">
				<left>90</left>
				<top>0</top>
				<control type="group">
	                <visible>Integer.IsGreater(Container(50).NumItems,0)</visible>
	                <control type="image">
	                	<left>0</left>
	                    <top>180</top>
	                    <width>550</width>
	                    <height>120</height>
	                    <visible>Control.HasFocus(50)</visible>
	                    <animation effect="fade" time="320" delay="200">Visible</animation>
	                    <animation effect="fade" time="50">Hidden</animation>
	                    <texture colordiffuse="$VAR[ColorHighlightVar]" border="5">listselect_fo.png</texture>
	                    <animation effect="slide" end="0,120" time="150" tween="cubic" easing="inout" condition="Integer.IsGreater(Container(50).Row,5)">Conditional</animation>
	                    <animation effect="slide" end="0,120" time="150" tween="cubic" easing="inout" condition="Integer.IsGreater(Container(50).Row,4)">Conditional</animation>
	                    <animation effect="slide" end="0,120" time="150" tween="cubic" easing="inout" condition="Integer.IsGreater(Container(50).Row,3)">Conditional</animation>
	                    <animation effect="slide" end="0,120" time="150" tween="cubic" easing="inout" condition="Integer.IsGreater(Container(50).Row,2)">Conditional</animation>
	                    <animation effect="slide" end="0,120" time="150" tween="cubic" easing="inout" condition="Integer.IsGreater(Container(50).Row,1)">Conditional</animation>
	                    <animation effect="slide" end="0,120" time="150" tween="cubic" easing="inout" condition="Integer.IsGreater(Container(50).Row,0)">Conditional</animation>
	                </control>
	            </control>
				<control type="panel" id="50">
					<left>0</left>
					<top>180</top>
					<width>550</width>
					<height>840</height>
					<onright condition="Integer.IsGreater(Container(51).NumItems,0)">51</onright>
					<onup>50</onup>
					<ondown>50</ondown>
					<viewtype label="535">list</viewtype>
					<scrolltime tween="quadratic" easing="out">200</scrolltime>
					<itemlayout height="120" width="550">
						<control type="image">
							<left>10</left>
							<top>10</top>
							<width>100</width>
							<height>100</height>
							<aspectratio>keep</aspectratio>
							<texture background="true">$INFO[ListItem.Icon]</texture>
						</control>
						<control type="label">
							<left>135</left>
							<top>3</top>
							<width>400</width>
							<height>70</height>
							<font>font30</font>
							<label>$INFO[ListItem.Label]</label>
						</control>
						<control type="label">
							<left>135</left>
							<top>52</top>
							<width>400</width>
							<height>60</height>
							<label>$INFO[ListItem.Label2]</label>
						</control>
					</itemlayout>
					<focusedlayout height="120" width="550">
						<control type="image">
							<left>10</left>
							<top>10</top>
							<width>100</width>
							<height>100</height>
							<aspectratio>keep</aspectratio>
							<texture background="true">$INFO[ListItem.Icon]</texture>
						</control>
						<control type="label">
							<left>135</left>
							<top>3</top>
							<width>400</width>
							<height>70</height>
							<font>font30</font>
							<label>$INFO[ListItem.Label]</label>
						</control>
						<control type="label">
							<left>135</left>
							<top>52</top>
							<width>400</width>
							<height>60</height>
							<label>$INFO[ListItem.Label2]</label>
						</control>
					</focusedlayout>
					<content>
						<item>
							<label>Action</label>
							<property name="menu_id">$NUMBER[10000]</property>
							<onclick>ActivateWindow(10025,&quot;plugin://plugin.video.exodusredux/?action=movies&amp;url=http%3a%2f%2fwww.imdb.com%2fsearch%2ftitle%3ftitle_type%3dfeature%2ctv_movie%2cdocumentary%26num_votes%3d100%2c%26release_date%3d%2cdate%5b0%5d%26genres%3daction%26sort%3dmoviemeter%2casc%26count%3d40%26start%3d1&quot;,return)</onclick>
							<property name="id">action</property>
							<visible>!Skin.HasSetting(HomeMenuNoskycinemaButton)</visible>
						</item>
						<item>
							<label>Adventure</label>
							<onclick>ActivateWindow(10025,&quot;plugin://plugin.video.exodusredux/?action=movies&amp;url=http%3a%2f%2fwww.imdb.com%2fsearch%2ftitle%3ftitle_type%3dfeature%2ctv_movie%2cdocumentary%26num_votes%3d100%2c%26release_date%3d%2cdate%5b0%5d%26genres%3dadventure%26sort%3dmoviemeter%2casc%26count%3d40%26start%3d1&quot;,return)</onclick>
							<property name="menu_id">$NUMBER[10100]</property>
							<property name="id">adventure</property>
							<visible>!Skin.HasSetting(HomeMenuNoskycinemaButton)</visible>
						</item>
						<item>
							<label>Animation</label>
							<onclick>ActivateWindow(10025,&quot;plugin://plugin.video.exodusredux/?action=movies&amp;url=http%3a%2f%2fwww.imdb.com%2fsearch%2ftitle%3ftitle_type%3dfeature%2ctv_movie%2cdocumentary%26num_votes%3d100%2c%26release_date%3d%2cdate%5b0%5d%26genres%3danimation%26sort%3dmoviemeter%2casc%26count%3d40%26start%3d1&quot;,return)</onclick>
							<property name="menu_id">$NUMBER[10200]</property>
							<property name="id">animation</property>
							<visible>!Skin.HasSetting(HomeMenuNoskycinemaButton)</visible>
						</item>
						<item>
							<label>Anime</label>
							<onclick>ActivateWindow(10025,&quot;plugin://plugin.video.exodusredux/?action=movies&amp;url=http%3a%2f%2fwww.imdb.com%2fsearch%2ftitle%3ftitle_type%3dfeature%2ctv_movie%2cdocumentary%26num_votes%3d100%2c%26release_date%3d%2cdate%5b0%5d%26keywords%3danime%26sort%3dmoviemeter%2casc%26count%3d40%26start%3d1&quot;,return)</onclick>
							<property name="menu_id">$NUMBER[10300]</property>
							<property name="id">anime</property>
							<visible>!Skin.HasSetting(HomeMenuNoskycinemaButton)</visible>
						</item>
						<item>
							<label>Biography</label>
							<onclick>ActivateWindow(10025,&quot;plugin://plugin.video.exodusredux/?action=movies&amp;url=http%3a%2f%2fwww.imdb.com%2fsearch%2ftitle%3ftitle_type%3dfeature%2ctv_movie%2cdocumentary%26num_votes%3d100%2c%26release_date%3d%2cdate%5b0%5d%26genres%3dbiography%26sort%3dmoviemeter%2casc%26count%3d40%26start%3d1&quot;,return)</onclick>
							<property name="menu_id">$NUMBER[10400]</property>
							<property name="id">biography</property>
							<visible>!Skin.HasSetting(HomeMenuNoskycinemaButton)</visible>
						</item>
						<item>
							<label>Comedy</label>
							<onclick>ActivateWindow(10025,&quot;plugin://plugin.video.exodusredux/?action=movies&amp;url=http%3a%2f%2fwww.imdb.com%2fsearch%2ftitle%3ftitle_type%3dfeature%2ctv_movie%2cdocumentary%26num_votes%3d100%2c%26release_date%3d%2cdate%5b0%5d%26genres%3dcomedy%26sort%3dmoviemeter%2casc%26count%3d40%26start%3d1&quot;,return)</onclick>
							<property name="menu_id">$NUMBER[10500]</property>
							<property name="id">comedy</property>
							<visible>!Skin.HasSetting(HomeMenuNoskycinemaButton)</visible>
						</item>
						<item>
							<label>Crime</label>
							<onclick>ActivateWindow(10025,&quot;plugin://plugin.video.exodusredux/?action=movies&amp;url=http%3a%2f%2fwww.imdb.com%2fsearch%2ftitle%3ftitle_type%3dfeature%2ctv_movie%2cdocumentary%26num_votes%3d100%2c%26release_date%3d%2cdate%5b0%5d%26genres%3dcrime%26sort%3dmoviemeter%2casc%26count%3d40%26start%3d1&quot;,return)</onclick>
							<property name="menu_id">$NUMBER[10600]</property>
							<property name="id">crime</property>
							<visible>!Skin.HasSetting(HomeMenuNoskycinemaButton)</visible>
						</item>
						<item>
							<label>Documentary</label>
							<onclick>ActivateWindow(10025,&quot;plugin://plugin.video.exodusredux/?action=movies&amp;url=http%3a%2f%2fwww.imdb.com%2fsearch%2ftitle%3ftitle_type%3dfeature%2ctv_movie%2cdocumentary%26num_votes%3d100%2c%26release_date%3d%2cdate%5b0%5d%26genres%3ddocumentary%26sort%3dmoviemeter%2casc%26count%3d40%26start%3d1&quot;,return)</onclick>
							<property name="menu_id">$NUMBER[10700]</property>
							<property name="id">documentary</property>
							<visible>!Skin.HasSetting(HomeMenuNoskycinemaButton)</visible>
						</item>
						<item>
							<label>Drama</label>
							<onclick>ActivateWindow(10025,&quot;plugin://plugin.video.exodusredux/?action=movies&amp;url=http%3a%2f%2fwww.imdb.com%2fsearch%2ftitle%3ftitle_type%3dfeature%2ctv_movie%2cdocumentary%26num_votes%3d100%2c%26release_date%3d%2cdate%5b0%5d%26genres%3ddrama%26sort%3dmoviemeter%2casc%26count%3d40%26start%3d1&quot;,return)</onclick>
							<property name="menu_id">$NUMBER[10900]</property>
							<property name="id">drama</property>
							<visible>!Skin.HasSetting(HomeMenuNoskycinemaButton)</visible>
						</item>
						<item>
							<label>Family</label>
							<onclick>ActivateWindow(10025,&quot;plugin://plugin.video.exodusredux/?action=movies&amp;url=http%3a%2f%2fwww.imdb.com%2fsearch%2ftitle%3ftitle_type%3dfeature%2ctv_movie%2cdocumentary%26num_votes%3d100%2c%26release_date%3d%2cdate%5b0%5d%26genres%3dfamily%26sort%3dmoviemeter%2casc%26count%3d40%26start%3d1&quot;,return)</onclick>
							<property name="menu_id">$NUMBER[11000]</property>
							<property name="id">family</property>
							<visible>!Skin.HasSetting(HomeMenuNoskycinemaButton)</visible>
						</item>
						<item>
							<label>Fantasy</label>
							<onclick>ActivateWindow(10025,&quot;plugin://plugin.video.exodusredux/?action=movies&amp;url=http%3a%2f%2fwww.imdb.com%2fsearch%2ftitle%3ftitle_type%3dfeature%2ctv_movie%2cdocumentary%26num_votes%3d100%2c%26release_date%3d%2cdate%5b0%5d%26genres%3dfansasy%26sort%3dmoviemeter%2casc%26count%3d40%26start%3d1&quot;,return)</onclick>
							<property name="menu_id">$NUMBER[11100]</property>
							<property name="id">fantasy</property>
							<visible>!Skin.HasSetting(HomeMenuNoskycinemaButton)</visible>
						</item>
						<item>
							<label>History</label>
							<onclick>ActivateWindow(10025,&quot;plugin://plugin.video.exodusredux/?action=movies&amp;url=http%3a%2f%2fwww.imdb.com%2fsearch%2ftitle%3ftitle_type%3dfeature%2ctv_movie%2cdocumentary%26num_votes%3d100%2c%26release_date%3d%2cdate%5b0%5d%26genres%3dhistory%26sort%3dmoviemeter%2casc%26count%3d40%26start%3d1&quot;,return)</onclick>
							<property name="menu_id">$NUMBER[11200]</property>
							<property name="id">history</property>
							<visible>!Skin.HasSetting(HomeMenuNoskycinemaButton)</visible>
						</item>
						<item>
							<label>Horror</label>
							<onclick>ActivateWindow(10025,&quot;plugin://plugin.video.exodusredux/?action=movies&amp;url=http%3a%2f%2fwww.imdb.com%2fsearch%2ftitle%3ftitle_type%3dfeature%2ctv_movie%2cdocumentary%26num_votes%3d100%2c%26release_date%3d%2cdate%5b0%5d%26genres%3dhorror%26sort%3dmoviemeter%2casc%26count%3d40%26start%3d1&quot;,return)</onclick>
							<property name="menu_id">$NUMBER[11300]</property>
							<property name="id">horror</property>
							<visible>!Skin.HasSetting(HomeMenuNoskycinemaButton)</visible>
						</item>
						<item>
							<label>Music</label>
							<onclick>ActivateWindow(10025,&quot;plugin://plugin.video.exodusredux/?action=movies&amp;url=http%3a%2f%2fwww.imdb.com%2fsearch%2ftitle%3ftitle_type%3dfeature%2ctv_movie%2cdocumentary%26num_votes%3d100%2c%26release_date%3d%2cdate%5b0%5d%26genres%3dmusic%26sort%3dmoviemeter%2casc%26count%3d40%26start%3d1&quot;,return)</onclick>
							<property name="menu_id">$NUMBER[11400]</property>
							<property name="id">music</property>
							<visible>!Skin.HasSetting(HomeMenuNoskycinemaButton)</visible>
						</item>
						<item>
							<label>Musical</label>
							<onclick>ActivateWindow(10025,&quot;plugin://plugin.video.exodusredux/?action=movies&amp;url=http%3a%2f%2fwww.imdb.com%2fsearch%2ftitle%3ftitle_type%3dfeature%2ctv_movie%2cdocumentary%26num_votes%3d100%2c%26release_date%3d%2cdate%5b0%5d%26genres%3dmusical%26sort%3dmoviemeter%2casc%26count%3d40%26start%3d1&quot;,return)</onclick>
							<property name="menu_id">$NUMBER[11500]</property>
							<property name="id">musical</property>
							<visible>!Skin.HasSetting(HomeMenuNoskycinemaButton)</visible>
						</item>
						<item>
							<label>Mystery</label>
							<onclick>ActivateWindow(10025,&quot;plugin://plugin.video.exodusredux/?action=movies&amp;url=http%3a%2f%2fwww.imdb.com%2fsearch%2ftitle%3ftitle_type%3dfeature%2ctv_movie%2cdocumentary%26num_votes%3d100%2c%26release_date%3d%2cdate%5b0%5d%26genres%3dmystery%26sort%3dmoviemeter%2casc%26count%3d40%26start%3d1&quot;,return)</onclick>
							<property name="menu_id">$NUMBER[11600]</property>
							<property name="id">mystery</property>
							<visible>!Skin.HasSetting(HomeMenuNoskycinemaButton)</visible>
						</item>
						<item>
							<label>Romance</label>
							<onclick>ActivateWindow(10025,&quot;plugin://plugin.video.exodusredux/?action=movies&amp;url=http%3a%2f%2fwww.imdb.com%2fsearch%2ftitle%3ftitle_type%3dfeature%2ctv_movie%2cdocumentary%26num_votes%3d100%2c%26release_date%3d%2cdate%5b0%5d%26genres%3dromance%26sort%3dmoviemeter%2casc%26count%3d40%26start%3d1&quot;,return)</onclick>
							<property name="menu_id">$NUMBER[11700]</property>
							<property name="id">romance</property>
							<visible>!Skin.HasSetting(HomeMenuNoskycinemaButton)</visible>
						</item>
						<item>
							<label>Science Fiction</label>
							<onclick>ActivateWindow(10025,&quot;plugin://plugin.video.exodusredux/?action=movies&amp;url=http%3a%2f%2fwww.imdb.com%2fsearch%2ftitle%3ftitle_type%3dfeature%2ctv_movie%2cdocumentary%26num_votes%3d100%2c%26release_date%3d%2cdate%5b0%5d%26genres%3dsci_fi%26sort%3dmoviemeter%2casc%26count%3d40%26start%3d1&quot;,return)</onclick>
							<property name="menu_id">$NUMBER[11800]</property>
							<property name="id">sciencefiction</property>
							<visible>!Skin.HasSetting(HomeMenuNoskycinemaButton)</visible>
						</item>
						<item>
							<label>Sport</label>
							<onclick>ActivateWindow(10025,&quot;plugin://plugin.video.exodusredux/?action=movies&amp;url=http%3a%2f%2fwww.imdb.com%2fsearch%2ftitle%3ftitle_type%3dfeature%2ctv_movie%2cdocumentary%26num_votes%3d100%2c%26release_date%3d%2cdate%5b0%5d%26genres%3dsport%26sort%3dmoviemeter%2casc%26count%3d40%26start%3d1&quot;,return)</onclick>
							<property name="menu_id">$NUMBER[11900]</property>
							<property name="id">sport</property>
							<visible>!Skin.HasSetting(HomeMenuNoskycinemaButton)</visible>
						</item>
						<item>
							<label>Thriller</label>
							<onclick>ActivateWindow(10025,&quot;plugin://plugin.video.exodusredux/?action=movies&amp;url=http%3a%2f%2fwww.imdb.com%2fsearch%2ftitle%3ftitle_type%3dfeature%2ctv_movie%2cdocumentary%26num_votes%3d100%2c%26release_date%3d%2cdate%5b0%5d%26genres%3dthriller%26sort%3dmoviemeter%2casc%26count%3d40%26start%3d1&quot;,return)</onclick>
							<property name="menu_id">$NUMBER[20000]</property>
							<property name="id">thriller</property>
							<visible>!Skin.HasSetting(HomeMenuNoskycinemaButton)</visible>
						</item>
						<item>
							<label>War</label>
							<onclick>ActivateWindow(10025,&quot;plugin://plugin.video.exodusredux/?action=movies&amp;url=http%3a%2f%2fwww.imdb.com%2fsearch%2ftitle%3ftitle_type%3dfeature%2ctv_movie%2cdocumentary%26num_votes%3d100%2c%26release_date%3d%2cdate%5b0%5d%26genres%3dwar%26sort%3dmoviemeter%2casc%26count%3d40%26start%3d1&quot;,return)</onclick>
							<property name="menu_id">$NUMBER[20100]</property>
							<property name="id">war</property>
							<visible>!Skin.HasSetting(HomeMenuNoskycinemaButton)</visible>
						</item>
						<item>
							<label>Western</label>
							<onclick>ActivateWindow(10025,&quot;plugin://plugin.video.exodusredux/?action=movies&amp;url=http%3a%2f%2fwww.imdb.com%2fsearch%2ftitle%3ftitle_type%3dfeature%2ctv_movie%2cdocumentary%26num_votes%3d100%2c%26release_date%3d%2cdate%5b0%5d%26genres%3dwestern%26sort%3dmoviemeter%2casc%26count%3d40%26start%3d1&quot;,return)</onclick>
							<property name="menu_id">$NUMBER[20200]</property>
							<property name="id">western</property>
							<visible>!Skin.HasSetting(HomeMenuNoskycinemaButton)</visible>
						</item>
					</content>
				</control>
			</control>
			<control type="group">
				<control type="group">
	                <visible>Integer.IsGreater(Container(51).NumItems,0)</visible>
	                <control type="image">
	                	<left>730</left>
	                    <top>180</top>
	                    <width>1100</width>
	                    <height>120</height>
	                    <visible>Control.HasFocus(51)</visible>
	                    <animation effect="fade" time="320" delay="200">Visible</animation>
	                    <animation effect="fade" time="50">Hidden</animation>
	                    <texture colordiffuse="$VAR[ColorHighlightVar]" border="5">listselect_fo.png</texture>
	                    <animation effect="slide" end="0,120" time="150" tween="cubic" easing="inout" condition="Integer.IsGreater(Container(51).Row,5)">Conditional</animation>
	                    <animation effect="slide" end="0,120" time="150" tween="cubic" easing="inout" condition="Integer.IsGreater(Container(51).Row,4)">Conditional</animation>
	                    <animation effect="slide" end="0,120" time="150" tween="cubic" easing="inout" condition="Integer.IsGreater(Container(51).Row,3)">Conditional</animation>
	                    <animation effect="slide" end="0,120" time="150" tween="cubic" easing="inout" condition="Integer.IsGreater(Container(51).Row,2)">Conditional</animation>
	                    <animation effect="slide" end="0,120" time="150" tween="cubic" easing="inout" condition="Integer.IsGreater(Container(51).Row,1)">Conditional</animation>
	                    <animation effect="slide" end="0,120" time="150" tween="cubic" easing="inout" condition="Integer.IsGreater(Container(51).Row,0)">Conditional</animation>
	                </control>
	            </control>
				<control type="panel" id="51">
					<left>730</left>
					<top>180</top>
					<width>1100</width>
					<height>840</height>
					<onleft>50</onleft>
					<onright condition="Container(51).HasNext | Container(51).HasPrevious">60</onright>
					<onup>51</onup>
					<ondown>51</ondown>
					<animation effect="fade" start="100" end="0" time="150" condition="Container(51).IsUpdating">conditional</animation>
					<viewtype label="535">list</viewtype>
					<pagecontrol>60</pagecontrol>
					<scrolltime tween="quadratic" easing="out">200</scrolltime>
					<itemlayout height="120" width="810">
						<control type="image">
							<left>10</left>
							<top>10</top>
							<width>100</width>
							<height>100</height>
							<aspectratio scalediffuse="false">keep</aspectratio>
							<texture background="true" diffuse="diffuse/list-icon.png" fallback="DefaultFolder.png">$INFO[ListItem.Icon]</texture>
						</control>
						<control type="label">
							<left>135</left>
							<top>3</top>
							<width>940</width>
							<height>70</height>
							<font>font30</font>
							<label>$INFO[ListItem.Label]</label>
						</control>
						<control type="label">
							<left>135</left>
							<top>52</top>
							<width>940</width>
							<height>60</height>
							<label>$INFO[ListItem.AddonSummary]</label>
						</control>
					</itemlayout>
					<focusedlayout height="120" width="810">
						<control type="image">
							<left>10</left>
							<top>10</top>
							<width>100</width>
							<height>100</height>
							<aspectratio scalediffuse="false">keep</aspectratio>
							<texture background="true" diffuse="diffuse/list-icon.png" fallback="DefaultFolder.png">$INFO[ListItem.Icon]</texture>
						</control>
						<control type="label">
							<left>135</left>
							<top>3</top>
							<width>940</width>
							<height>70</height>
							<font>font30</font>
							<label>$INFO[ListItem.Label]</label>
						</control>
						<control type="label">
							<left>135</left>
							<top>52</top>
							<width>940</width>
							<height>60</height>
							<label>$INFO[ListItem.AddonSummary]</label>
						</control>
					</focusedlayout>
					<content target="$INFO[Container(50).ListItem.Property(AppsTarget)]" sortby="$INFO[Container(50).ListItem.Property(AppsSortBy)]" sortorder="descending">$INFO[Container(50).ListItem.Property(AppsContent)]</content>
				</control>
				<control type="scrollbar" id="60">
					<visible allowhiddenfocus="true">Control.HasFocus(60) | Container(51).Scrolling</visible>
					<animation effect="fade" time="150" tween="sine" easing="inout" start="0" end="100">Visible</animation>
					<left>1910</left>
					<top>120</top>
					<width>10</width>
					<height>960</height>
					<onup>60</onup>
					<ondown>60</ondown>
					<onleft>51</onleft>
					<onright>51</onright>
					<orientation>vertical</orientation>
				</control>
			</control>
		</control>
		<include>Topbar</include>
	</controls>
</window>
