<?xml version="1.0" encoding="CP1253"?>
<window id="1015" type="window">
	<defaultcontrol always="true">50</defaultcontrol>
	<controls>
		<include>CommonBackground</include>
		<control type="group">
			<include>Animation.Common</include>
			<visible>!Window.IsActive(addoninformation)</visible>
			<control type="group">
				<left>90</left>
				<top>0</top>
				<control type="group">
	                <visible>Integer.IsGreater(Container(50).NumItems,0)</visible>
	                <control type="image">
	                	<left>0</left>
	                    <top>180</top>
	                    <width>550</width>
	                    <height>120</height>
	                    <visible>Control.HasFocus(50)</visible>
	                    <animation effect="fade" time="320" delay="200">Visible</animation>
	                    <animation effect="fade" time="50">Hidden</animation>
	                    <texture colordiffuse="$VAR[ColorHighlightVar]" border="5">listselect_fo.png</texture>
	                    <animation effect="slide" end="0,120" time="150" tween="cubic" easing="inout" condition="Integer.IsGreater(Container(50).Row,5)">Conditional</animation>
	                    <animation effect="slide" end="0,120" time="150" tween="cubic" easing="inout" condition="Integer.IsGreater(Container(50).Row,4)">Conditional</animation>
	                    <animation effect="slide" end="0,120" time="150" tween="cubic" easing="inout" condition="Integer.IsGreater(Container(50).Row,3)">Conditional</animation>
	                    <animation effect="slide" end="0,120" time="150" tween="cubic" easing="inout" condition="Integer.IsGreater(Container(50).Row,2)">Conditional</animation>
	                    <animation effect="slide" end="0,120" time="150" tween="cubic" easing="inout" condition="Integer.IsGreater(Container(50).Row,1)">Conditional</animation>
	                    <animation effect="slide" end="0,120" time="150" tween="cubic" easing="inout" condition="Integer.IsGreater(Container(50).Row,0)">Conditional</animation>
	                </control>
	            </control>
				<control type="panel" id="50">
					<left>0</left>
					<top>180</top>
					<width>550</width>
					<height>840</height>
					<onright condition="Integer.IsGreater(Container(51).NumItems,0)">51</onright>
					<onup>50</onup>
					<ondown>50</ondown>
					<viewtype label="535">list</viewtype>
					<scrolltime tween="quadratic" easing="out">200</scrolltime>
					<itemlayout height="120" width="550">
						<control type="image">
							<left>10</left>
							<top>10</top>
							<width>100</width>
							<height>100</height>
							<aspectratio>keep</aspectratio>
							<texture background="true">$INFO[ListItem.Icon]</texture>
						</control>
						<control type="label">
							<left>135</left>
							<top>3</top>
							<width>400</width>
							<height>70</height>
							<font>font30</font>
							<label>$INFO[ListItem.Label]</label>
						</control>
						<control type="label">
							<left>135</left>
							<top>52</top>
							<width>400</width>
							<height>60</height>
							<label>$INFO[ListItem.Label2]</label>
						</control>
					</itemlayout>
					<focusedlayout height="120" width="550">
						<control type="image">
							<left>10</left>
							<top>10</top>
							<width>100</width>
							<height>100</height>
							<aspectratio>keep</aspectratio>
							<texture background="true">$INFO[ListItem.Icon]</texture>
						</control>
						<control type="label">
							<left>135</left>
							<top>3</top>
							<width>400</width>
							<height>70</height>
							<font>font30</font>
							<label>$INFO[ListItem.Label]</label>
						</control>
						<control type="label">
							<left>135</left>
							<top>52</top>
							<width>400</width>
							<height>60</height>
							<label>$INFO[ListItem.Label2]</label>
						</control>
					</focusedlayout>
					<content>
						<item>
							<label>Movies</label>
							<property name="menu_id">$NUMBER[10000]</property>
							<onclick>ActivateWindow(10025,&quot;plugin://plugin.video.scrubsv2/?action=movieNavigator&quot;,return)</onclick>
							<property name="id">newpremieres</property>
							<visible>!Skin.HasSetting(HomeMenuNoskycinemaButton)</visible>
						</item>
						<item>
							<label>New Premieres</label>
							<property name="menu_id">$NUMBER[10050]</property>
							<onclick>ActivateWindow(Videos,"plugin://plugin.video.exodusredux/?action=movieWidget&quot;,return)</onclick>
							<property name="id">newpremieres</property>
							<visible>!Skin.HasSetting(HomeMenuNoskycinemaButton)</visible>
						</item>
						<item>
							<label>For You</label>
							<onclick>ActivateWindow(10025,&quot;plugin://plugin.video.exodusredux/?action=movies&amp;url=oscars&quot;,return)</onclick>
							<property name="menu_id">$NUMBER[10100]</property>
							<property name="id">foryou</property>
							<visible>!Skin.HasSetting(HomeMenuNoskycinemaButton)</visible>
						</item>
						<item>
							<label>Returning Favourites</label>
							<onclick>ActivateWindow(10025,&quot;plugin://plugin.video.exodusredux/?action=movies&amp;url=views&quot;,return)</onclick>
							<property name="menu_id">$NUMBER[10200]</property>
							<property name="id">returningfavourites</property>
							<visible>!Skin.HasSetting(HomeMenuNoskycinemaButton)</visible>
						</item>
						<item>
							<label>Netflix</label>
							<onclick>ActivateWindow(10025,&quot;plugin://plugin.video.exodusredux/?action=movies&amp;url=https%3A%2F%2Fwww.imdb.com%2Fsearch%2Fkeyword%2F%3Fref_%3Dkw_ref_typ%26sort%3Dmoviemeter%2Casc%26mode%3Ddetail%26page%3D1%26title_type%3Dmovie&quot;,return)</onclick>
							<property name="menu_id">$NUMBER[10300]</property>
							<property name="id">netflix</property>
							<visible>!Skin.HasSetting(HomeMenuNoskycinemaButton)</visible>
						</item>
						<item>
							<label>Superheroes</label>
							<onclick>ActivateWindow(10025,&quot;plugin://plugin.video.exodusredux/?action=movies&amp;url=http%3A%2F%2Fwww.imdb.com%2Fsearch%2Ftitle%3Fkeywords%3Dsuperhero%26languages%3Den%26title_type%3Dfeature%2Ctv_movie%26count%3D40%26start%3D1&quot;,return)</onclick>
							<property name="menu_id">$NUMBER[10400]</property>
							<property name="id">superheroes</property>
							<visible>!Skin.HasSetting(HomeMenuNoskycinemaButton)</visible>
						</item>
						
						<item>
							<label>All Time Greats</label>
							<onclick>ActivateWindow(10025,&quot;plugin://plugin.video.exodusredux/?action=movies&amp;url=popular&quot;,return)</onclick>
							<property name="menu_id">$NUMBER[10600]</property>
							<property name="id">alltimegreats</property>
							<visible>!Skin.HasSetting(HomeMenuNoskycinemaButton)</visible>
						</item>
						<item>
							<label>Disney</label>
							<onclick>ActivateWindow(10025,&quot;plugin://plugin.video.exodusredux/?action=movies&amp;url=http%3A%2F%2Fwww.imdb.com%2Fsearch%2Ftitle%3Fkeywords%3Ddisney%26languages%3Den%26title_type%3Dfeature%2Ctv_movie%26count%3D40%26start%3D1&quot;,return)</onclick>
							<property name="menu_id">$NUMBER[10700]</property>
							<property name="id">disney</property>
							<visible>!Skin.HasSetting(HomeMenuNoskycinemaButton)</visible>
						</item>
						<item>
							<label>Greek Movies</label>
							<onclick>ActivateWindow(1046)</onclick>
							<property name="menu_id">$NUMBER[10800]</property>
							<property name="id">Grmovies</property>
							<visible>!Skin.HasSetting(HomeMenuNokidsButton)</visible>
						</item>
						<item>
							<label>Browse Genres</label>
							<onclick>ActivateWindow(1016)</onclick>
							<property name="menu_id">$NUMBER[10900]</property>
							<property name="id">browsegenres</property>
							<visible>!Skin.HasSetting(HomeMenuNokidsButton)</visible>
						</item>
						<item>
							<label>Actors</label>
							<onclick>ActivateWindow(1025)</onclick>
							<property name="menu_id">$NUMBER[11000]</property>
							<property name="id">actors</property>
							<visible>!Skin.HasSetting(HomeMenuNoskycinemaButton)</visible>
					
						</item>
						<item>
							<label>Trending</label>
							<onclick>ActivateWindow(10025,&quot;plugin://plugin.video.exodusredux/?action=movies&amp;url=trending&quot;,return)</onclick>
							<property name="menu_id">$NUMBER[11100]</property>
							<property name="id">movies</property>
							<visible>!Skin.HasSetting(HomeMenuNoskycinemaButton)</visible>
						</item>
						<item>
							<label>Box Office</label>
							<onclick>ActivateWindow(10025,&quot;plugin://plugin.video.exodusredux/?action=movies&amp;url=boxoffice&quot;,return)</onclick>
							<property name="menu_id">$NUMBER[11300]</property>
							<property name="id">ultrahd</property>
							<visible>!Skin.HasSetting(HomeMenuNo3dButton)</visible>
						</item>
						<item>
							<label>People Watching</label>
							<onclick>ActivateWindow(10025,&quot;plugin://plugin.video.exodusredux/?action=movies&amp;url=trending&quot;,return)</onclick>
							<property name="menu_id">$NUMBER[11400]</property>
							<property name="id">mostpopular</property>
							<visible>!Skin.HasSetting(HomeMenuNosubtitledButton)</visible>
						</item>
						<item>
							<label>Search</label>
							<onclick>ActivateWindow(10025,&quot;plugin://plugin.video.exodusredux/?action=movieSearch&quot;,return)</onclick>
							<property name="menu_id">$NUMBER[11500]</property>
							<property name="id">all</property>
							<visible>!Skin.HasSetting(HomeMenuNoskycinemaButton)</visible>
						</item>

					</content>
				</control>
			</control>
			<control type="group">
				<control type="group">
	                <visible>Integer.IsGreater(Container(51).NumItems,0)</visible>
	                <control type="image">
	                	<left>730</left>
	                    <top>180</top>
	                    <width>1100</width>
	                    <height>120</height>
	                    <visible>Control.HasFocus(51)</visible>
	                    <animation effect="fade" time="320" delay="200">Visible</animation>
	                    <animation effect="fade" time="50">Hidden</animation>
	                    <texture colordiffuse="$VAR[ColorHighlightVar]" border="5">listselect_fo.png</texture>
	                    <animation effect="slide" end="0,120" time="150" tween="cubic" easing="inout" condition="Integer.IsGreater(Container(51).Row,5)">Conditional</animation>
	                    <animation effect="slide" end="0,120" time="150" tween="cubic" easing="inout" condition="Integer.IsGreater(Container(51).Row,4)">Conditional</animation>
	                    <animation effect="slide" end="0,120" time="150" tween="cubic" easing="inout" condition="Integer.IsGreater(Container(51).Row,3)">Conditional</animation>
	                    <animation effect="slide" end="0,120" time="150" tween="cubic" easing="inout" condition="Integer.IsGreater(Container(51).Row,2)">Conditional</animation>
	                    <animation effect="slide" end="0,120" time="150" tween="cubic" easing="inout" condition="Integer.IsGreater(Container(51).Row,1)">Conditional</animation>
	                    <animation effect="slide" end="0,120" time="150" tween="cubic" easing="inout" condition="Integer.IsGreater(Container(51).Row,0)">Conditional</animation>
	                </control>
	            </control>
				<control type="panel" id="51">
					<left>730</left>
					<top>180</top>
					<width>1100</width>
					<height>840</height>
					<onleft>50</onleft>
					<onright condition="Container(51).HasNext | Container(51).HasPrevious">60</onright>
					<onup>51</onup>
					<ondown>51</ondown>
					<animation effect="fade" start="100" end="0" time="150" condition="Container(51).IsUpdating">conditional</animation>
					<viewtype label="535">list</viewtype>
					<pagecontrol>60</pagecontrol>
					<scrolltime tween="quadratic" easing="out">200</scrolltime>
					<itemlayout height="120" width="810">
						<control type="image">
							<left>10</left>
							<top>10</top>
							<width>100</width>
							<height>100</height>
							<aspectratio scalediffuse="false">keep</aspectratio>
							<texture background="true" diffuse="diffuse/list-icon.png" fallback="DefaultFolder.png">$INFO[ListItem.Icon]</texture>
						</control>
						<control type="label">
							<left>135</left>
							<top>3</top>
							<width>940</width>
							<height>70</height>
							<font>font30</font>
							<label>$INFO[ListItem.Label]</label>
						</control>
						<control type="label">
							<left>135</left>
							<top>52</top>
							<width>940</width>
							<height>60</height>
							<label>$INFO[ListItem.AddonSummary]</label>
						</control>
					</itemlayout>
					<focusedlayout height="120" width="810">
						<control type="image">
							<left>10</left>
							<top>10</top>
							<width>100</width>
							<height>100</height>
							<aspectratio scalediffuse="false">keep</aspectratio>
							<texture background="true" diffuse="diffuse/list-icon.png" fallback="DefaultFolder.png">$INFO[ListItem.Icon]</texture>
						</control>
						<control type="label">
							<left>135</left>
							<top>3</top>
							<width>940</width>
							<height>70</height>
							<font>font30</font>
							<label>$INFO[ListItem.Label]</label>
						</control>
						<control type="label">
							<left>135</left>
							<top>52</top>
							<width>940</width>
							<height>60</height>
							<label>$INFO[ListItem.AddonSummary]</label>
						</control>
					</focusedlayout>
					<content target="$INFO[Container(50).ListItem.Property(AppsTarget)]" sortby="$INFO[Container(50).ListItem.Property(AppsSortBy)]" sortorder="descending">$INFO[Container(50).ListItem.Property(AppsContent)]</content>
				</control>
				<control type="scrollbar" id="60">
					<visible allowhiddenfocus="true">Control.HasFocus(60) | Container(51).Scrolling</visible>
					<animation effect="fade" time="150" tween="sine" easing="inout" start="0" end="100">Visible</animation>
					<left>1910</left>
					<top>120</top>
					<width>10</width>
					<height>960</height>
					<onup>60</onup>
					<ondown>60</ondown>
					<onleft>51</onleft>
					<onright>51</onright>
					<orientation>vertical</orientation>
				</control>
			</control>
		</control>
		<include>Topbar</include>
	</controls>
</window>
