<?xml version="1.0" encoding="UTF-8"?>
<window id="1025" type="window">
	<defaultcontrol always="true">50</defaultcontrol>
	<controls>
		<include>CommonBackground</include>
		<control type="group">
			<include>Animation.Common</include>
			<visible>!Window.IsActive(addoninformation)</visible>
			<control type="group">
				<left>90</left>
				<top>0</top>
				<control type="group">
	                <visible>Integer.IsGreater(Container(50).NumItems,0)</visible>
	                <control type="image">
	                	<left>0</left>
	                    <top>180</top>
	                    <width>550</width>
	                    <height>120</height>
	                    <visible>Control.HasFocus(50)</visible>
	                    <animation effect="fade" time="320" delay="200">Visible</animation>
	                    <animation effect="fade" time="50">Hidden</animation>
	                    <texture colordiffuse="$VAR[ColorHighlightVar]" border="5">listselect_fo.png</texture>
	                    <animation effect="slide" end="0,120" time="150" tween="cubic" easing="inout" condition="Integer.IsGreater(Container(50).Row,5)">Conditional</animation>
	                    <animation effect="slide" end="0,120" time="150" tween="cubic" easing="inout" condition="Integer.IsGreater(Container(50).Row,4)">Conditional</animation>
	                    <animation effect="slide" end="0,120" time="150" tween="cubic" easing="inout" condition="Integer.IsGreater(Container(50).Row,3)">Conditional</animation>
	                    <animation effect="slide" end="0,120" time="150" tween="cubic" easing="inout" condition="Integer.IsGreater(Container(50).Row,2)">Conditional</animation>
	                    <animation effect="slide" end="0,120" time="150" tween="cubic" easing="inout" condition="Integer.IsGreater(Container(50).Row,1)">Conditional</animation>
	                    <animation effect="slide" end="0,120" time="150" tween="cubic" easing="inout" condition="Integer.IsGreater(Container(50).Row,0)">Conditional</animation>
	                </control>
	            </control>
				<control type="panel" id="50">
					<left>0</left>
					<top>180</top>
					<width>550</width>
					<height>840</height>
					<onright condition="Integer.IsGreater(Container(51).NumItems,0)">51</onright>
					<onup>50</onup>
					<ondown>50</ondown>
					<viewtype label="535">list</viewtype>
					<scrolltime tween="quadratic" easing="out">200</scrolltime>
					<itemlayout height="120" width="550">
						<control type="image">
							<left>10</left>
							<top>10</top>
							<width>100</width>
							<height>100</height>
							<aspectratio>keep</aspectratio>
							<texture background="true">$INFO[ListItem.Icon]</texture>
						</control>
						<control type="label">
							<left>135</left>
							<top>3</top>
							<width>400</width>
							<height>70</height>
							<font>font30</font>
							<label>$INFO[ListItem.Label]</label>
						</control>
						<control type="label">
							<left>135</left>
							<top>52</top>
							<width>400</width>
							<height>60</height>
							<label>$INFO[ListItem.Label2]</label>
						</control>
					</itemlayout>
					<focusedlayout height="120" width="550">
						<control type="image">
							<left>10</left>
							<top>10</top>
							<width>100</width>
							<height>100</height>
							<aspectratio>keep</aspectratio>
							<texture background="true">$INFO[ListItem.Icon]</texture>
						</control>
						<control type="label">
							<left>135</left>
							<top>3</top>
							<width>400</width>
							<height>70</height>
							<font>font30</font>
							<label>$INFO[ListItem.Label]</label>
						</control>
						<control type="label">
							<left>135</left>
							<top>52</top>
							<width>400</width>
							<height>60</height>
							<label>$INFO[ListItem.Label2]</label>
						</control>
					</focusedlayout>
					<content>
						<item>
							<label>Actors Search</label>
							<onclick>ActivateWindow(10025,&quot;plugin://plugin.video.exodusredux/?action=moviePerson&quot;,return)</onclick>
							<property name="menu_id">$NUMBER[10000]</property>
							<property name="id">p
Ssearch</property>
							<visible>!Skin.HasSetting(HomeMenuNoskycinemaButton)</visible>
						</item>
						<item>
							<label>Brad Pitt</label>
							<property name="menu_id">$NUMBER[10050]</property>
							<onclick>ActivateWindow(10025,&quot;plugin://plugin.video.exodusredux/?action=movies&amp;url=http%3a%2f%2fwww.imdb.com%2fsearch%2ftitle%3ftitle_type%3dfeature%2ctv_movie%26production_status%3dreleased%26role%3dnm0000093%26sort%3dyear%2cdesc%26count%3d40%26start%3d1&quot;,return)</onclick>
							<property name="id">bradpitt</property>
							<visible>!Skin.HasSetting(HomeMenuNoskycinemaButton)</visible>
						</item>
						<item>
							<label>Amy Adams</label>
							<onclick>ActivateWindow(10025,&quot;plugin://plugin.video.exodusredux/?action=movies&amp;url=http%3a%2f%2fwww.imdb.com%2fsearch%2ftitle%3ftitle_type%3dfeature%2ctv_movie%26production_status%3dreleased%26role%3dnm0010736%26sort%3dyear%2cdesc%26count%3d40%26start%3d1&quot;,return)</onclick>
							<property name="menu_id">$NUMBER[10100]</property>
							<property name="id">amyadams</property>
							<visible>!Skin.HasSetting(HomeMenuNoskycinemaButton)</visible>
						</item>
						<item>
							<label>Robert De Niro</label>
							<onclick>ActivateWindow(10025,&quot;plugin://plugin.video.exodusredux/?action=movies&amp;url=http%3a%2f%2fwww.imdb.com%2fsearch%2ftitle%3ftitle_type%3dfeature%2ctv_movie%26production_status%3dreleased%26role%3dnm0000134%26sort%3dyear%2cdesc%26count%3d40%26start%3d1&quot;,return)</onclick>
							<property name="menu_id">$NUMBER[10200]</property>
							<property name="id">robertdeniro</property>
							<visible>!Skin.HasSetting(HomeMenuNoskycinemaButton)</visible>
						</item>
						<item>
							<label>Ben Affleck</label>
							<onclick>ActivateWindow(10025,&quot;plugin://plugin.video.exodusredux/?action=movies&amp;url=http%3a%2f%2fwww.imdb.com%2fsearch%2ftitle%3ftitle_type%3dfeature%2ctv_movie%26production_status%3dreleased%26role%3dnm0000255%26sort%3dyear%2cdesc%26count%3d40%26start%3d1&quot;,return)</onclick>
							<property name="menu_id">$NUMBER[10300]</property>
							<property name="id">benaffleck</property>
							<visible>!Skin.HasSetting(HomeMenuNoskycinemaButton)</visible>
						</item>
						<item>
							<label>Charlize Theron</label>
							<onclick>ActivateWindow(10025,&quot;plugin://plugin.video.exodusredux/?action=movies&amp;url=http%3a%2f%2fwww.imdb.com%2fsearch%2ftitle%3ftitle_type%3dfeature%2ctv_movie%26production_status%3dreleased%26role%3dnm0000234%26sort%3dyear%2cdesc%26count%3d40%26start%3d1&quot;,return)</onclick>
							<property name="menu_id">$NUMBER[10400]</property>
							<property name="id">charlizetheron</property>
							<visible>!Skin.HasSetting(HomeMenuNoskycinemaButton)</visible>
						</item>
						<item>
							<label>Melissa McCarthy</label>
							<onclick>ActivateWindow(10025,&quot;plugin://plugin.video.exodusredux/?action=movies&amp;url=http%3a%2f%2fwww.imdb.com%2fsearch%2ftitle%3ftitle_type%3dfeature%2ctv_movie%26production_status%3dreleased%26role%3dnm0565250%26sort%3dyear%2cdesc%26count%3d40%26start%3d1&quot;,return)</onclick>
							<property name="menu_id">$NUMBER[10500]</property>
							<property name="id">melissamccarthy</property>
							<visible>!Skin.HasSetting(HomeMenuNoskycinemaButton)</visible>
						</item>
						<item>
							<label>Jack Black</label>
							<onclick>ActivateWindow(10025,&quot;plugin://plugin.video.exodusredux/?action=movies&amp;url=http%3a%2f%2fwww.imdb.com%2fsearch%2ftitle%3ftitle_type%3dfeature%2ctv_movie%26production_status%3dreleased%26role%3dnm0085312%26sort%3dyear%2cdesc%26count%3d40%26start%3d1&quot;,return)</onclick>
							<property name="menu_id">$NUMBER[10600]</property>
							<property name="id">jackblack</property>
							<visible>!Skin.HasSetting(HomeMenuNoskycinemaButton)</visible>
						</item>
						<item>
							<label>Dustin Hoffman</label>
							<onclick>ActivateWindow(10025,&quot;plugin://plugin.video.exodusredux/?action=movies&amp;url=http%3a%2f%2fwww.imdb.com%2fsearch%2ftitle%3ftitle_type%3dfeature%2ctv_movie%26production_status%3dreleased%26role%3dnm0000163%26sort%3dyear%2cdesc%26count%3d40%26start%3d1&quot;,return)</onclick>
							<property name="menu_id">$NUMBER[10700]</property>
							<property name="id">dustinhoffman</property>
							<visible>!Skin.HasSetting(HomeMenuNoskycinemaButton)</visible>
						</item>
						<item>
							<label>Ben Stiller</label>
							<onclick>ActivateWindow(10025,&quot;plugin://plugin.video.exodusredux/?action=movies&amp;url=http%3a%2f%2fwww.imdb.com%2fsearch%2ftitle%3ftitle_type%3dfeature%2ctv_movie%26production_status%3dreleased%26role%3dnm0001774%26sort%3dyear%2cdesc%26count%3d40%26start%3d1&quot;,return)</onclick>
							<property name="menu_id">$NUMBER[10900]</property>
							<property name="id">benstiller</property>
							<visible>!Skin.HasSetting(HomeMenuNoskycinemaButton)</visible>
						</item>
						<item>
							<label>Tina Fey</label>
							<onclick>ActivateWindow(10025,&quot;plugin://plugin.video.exodusredux/?action=movies&amp;url=http%3a%2f%2fwww.imdb.com%2fsearch%2ftitle%3ftitle_type%3dfeature%2ctv_movie%26production_status%3dreleased%26role%3dnm0275486%26sort%3dyear%2cdesc%26count%3d40%26start%3d1&quot;,return)</onclick>
							<property name="menu_id">$NUMBER[11000]</property>
							<property name="id">tinafey</property>
							<visible>!Skin.HasSetting(HomeMenuNoskycinemaButton)</visible>
						</item>
						<item>
							<label>Tom Cruise</label>
							<onclick>ActivateWindow(10025,&quot;plugin://plugin.video.exodusredux/?action=movies&amp;url=http%3a%2f%2fwww.imdb.com%2fsearch%2ftitle%3ftitle_type%3dfeature%2ctv_movie%26production_status%3dreleased%26role%3dnm0000129%26sort%3dyear%2cdesc%26count%3d40%26start%3d1&quot;,return)</onclick>
							<property name="menu_id">$NUMBER[11100]</property>
							<property name="id">tomcruise</property>
							<visible>!Skin.HasSetting(HomeMenuNoskycinemaButton)</visible>
						</item>
						<item>
							<label>Kathy Bates</label>
							<onclick>ActivateWindow(10025,&quot;plugin://plugin.video.exodusredux/?action=movies&amp;url=http%3a%2f%2fwww.imdb.com%2fsearch%2ftitle%3ftitle_type%3dfeature%2ctv_movie%26production_status%3dreleased%26role%3dnm0000870%26sort%3dyear%2cdesc%26count%3d40%26start%3d1&quot;,return)</onclick>
							<property name="menu_id">$NUMBER[11200]</property>
							<property name="id">kathybates</property>
							<visible>!Skin.HasSetting(HomeMenuNoskycinemaButton)</visible>
						</item>
						<item>
							<label>Harrison Ford</label>
							<onclick>ActivateWindow(10025,&quot;plugin://plugin.video.exodusredux/?action=movies&amp;url=http%3a%2f%2fwww.imdb.com%2fsearch%2ftitle%3ftitle_type%3dfeature%2ctv_movie%26production_status%3dreleased%26role%3dnm0000148%26sort%3dyear%2cdesc%26count%3d40%26start%3d1&quot;,return)</onclick>
							<property name="menu_id">$NUMBER[11300]</property>
							<property name="id">harrisonford</property>
							<visible>!Skin.HasSetting(HomeMenuNoskycinemaButton)</visible>
						</item>
						<item>
							<label>Cate Blanchett</label>
							<onclick>ActivateWindow(10025,&quot;plugin://plugin.video.exodusredux/?action=movies&amp;url=http%3a%2f%2fwww.imdb.com%2fsearch%2ftitle%3ftitle_type%3dfeature%2ctv_movie%26production_status%3dreleased%26role%3dnm0000949%26sort%3dyear%2cdesc%26count%3d40%26start%3d1&quot;,return)</onclick>
							<property name="menu_id">$NUMBER[11400]</property>
							<property name="id">cateblanchett</property>
							<visible>!Skin.HasSetting(HomeMenuNoskycinemaButton)</visible>
						</item>
						<item>
							<label>Arnold Schwarzenegger</label>
							<onclick>ActivateWindow(10025,&quot;plugin://plugin.video.exodusredux/?action=movies&amp;url=http%3a%2f%2fwww.imdb.com%2fsearch%2ftitle%3ftitle_type%3dfeature%2ctv_movie%26production_status%3dreleased%26role%3dnm0000216%26sort%3dyear%2cdesc%26count%3d40%26start%3d1&quot;,return)</onclick>
							<property name="menu_id">$NUMBER[11500]</property>
							<property name="id">arnoldschwarzenegger</property>
							<visible>!Skin.HasSetting(HomeMenuNoskycinemaButton)</visible>
						</item>
						<item>
							<label>Whoopi Goldberg</label>
							<onclick>ActivateWindow(10025,&quot;plugin://plugin.video.exodusredux/?action=movies&amp;url=http%3a%2f%2fwww.imdb.com%2fsearch%2ftitle%3ftitle_type%3dfeature%2ctv_movie%26production_status%3dreleased%26role%3dnm0000155%26sort%3dyear%2cdesc%26count%3d40%26start%3d1&quot;,return)</onclick>
							<property name="menu_id">$NUMBER[11600]</property>
							<property name="id">whoopigoldberg</property>
							<visible>!Skin.HasSetting(HomeMenuNoskycinemaButton)</visible>
						</item>
						<item>
							<label>Angelina Jolie</label>
							<onclick>ActivateWindow(10025,&quot;plugin://plugin.video.exodusredux/?action=movies&amp;url=http%3a%2f%2fwww.imdb.com%2fsearch%2ftitle%3ftitle_type%3dfeature%2ctv_movie%26production_status%3dreleased%26role%3dnm0001401%26sort%3dyear%2cdesc%26count%3d40%26start%3d1&quot;,return)</onclick>
							<property name="menu_id">$NUMBER[11700]</property>
							<property name="id">angelinajolie</property>
							<visible>!Skin.HasSetting(HomeMenuNoskycinemaButton)</visible>
						</item>
						<item>
							<label>Vin Diesel</label>
							<onclick>ActivateWindow(10025,&quot;plugin://plugin.video.exodusredux/?action=movies&amp;url=http%3a%2f%2fwww.imdb.com%2fsearch%2ftitle%3ftitle_type%3dfeature%2ctv_movie%26production_status%3dreleased%26role%3dnm0004874%26sort%3dyear%2cdesc%26count%3d40%26start%3d1&quot;,return)</onclick>
							<property name="menu_id">$NUMBER[11800]</property>
							<property name="id">vindiesel</property>
							<visible>!Skin.HasSetting(HomeMenuNoskycinemaButton)</visible>
						</item>
						<item>
							<label>Robin Williams</label>
							<onclick>ActivateWindow(10025,&quot;plugin://plugin.video.exodusredux/?action=movies&amp;url=http%3a%2f%2fwww.imdb.com%2fsearch%2ftitle%3ftitle_type%3dfeature%2ctv_movie%26production_status%3dreleased%26role%3dnm0000245%26sort%3dyear%2cdesc%26count%3d40%26start%3d1&quot;,return)</onclick>
							<property name="menu_id">$NUMBER[11900]</property>
							<property name="id">robinwilliams</property>
							<visible>!Skin.HasSetting(HomeMenuNoskycinemaButton)</visible>
						</item>
						<item>
							<label>Kirsten Dunst</label>
							<onclick>ActivateWindow(10025,&quot;plugin://plugin.video.exodusredux/?action=movies&amp;url=http%3a%2f%2fwww.imdb.com%2fsearch%2ftitle%3ftitle_type%3dfeature%2ctv_movie%26production_status%3dreleased%26role%3dnm0000379%26sort%3dyear%2cdesc%26count%3d40%26start%3d1&quot;,return)</onclick>
							<property name="menu_id">$NUMBER[12000]</property>
							<property name="id">kirstendunst</property>
							<visible>!Skin.HasSetting(HomeMenuNoskycinemaButton)</visible>
						</item>
						<item>
							<label>Sylvester Stallone</label>
							<onclick>ActivateWindow(10025,&quot;plugin://plugin.video.exodusredux/?action=movies&amp;url=http%3a%2f%2fwww.imdb.com%2fsearch%2ftitle%3ftitle_type%3dfeature%2ctv_movie%26production_status%3dreleased%26role%3dnm0000230%26sort%3dyear%2cdesc%26count%3d40%26start%3d1&quot;,return)</onclick>
							<property name="menu_id">$NUMBER[12100]</property>
							<property name="id">sylvesterStallone</property>
							<visible>!Skin.HasSetting(HomeMenuNoskycinemaButton)</visible>
						</item>
						<item>
							<label>Morgan Freeman</label>
							<onclick>ActivateWindow(10025,&quot;plugin://plugin.video.exodusredux/?action=movies&amp;url=http%3a%2f%2fwww.imdb.com%2fsearch%2ftitle%3ftitle_type%3dfeature%2ctv_movie%26production_status%3dreleased%26role%3dnm0000151%26sort%3dyear%2cdesc%26count%3d40%26start%3d1&quot;,return)</onclick>
							<property name="menu_id">$NUMBER[12200]</property>
							<property name="id">morganfreeman</property>
							<visible>!Skin.HasSetting(HomeMenuNoskycinemaButton)</visible>
						</item>
						<item>
							<label>Meryl Streep</label>
							<onclick>ActivateWindow(10025,&quot;plugin://plugin.video.exodusredux/?action=movies&amp;url=http%3a%2f%2fwww.imdb.com%2fsearch%2ftitle%3ftitle_type%3dfeature%2ctv_movie%26production_status%3dreleased%26role%3dnm0000658%26sort%3dyear%2cdesc%26count%3d40%26start%3d1&quot;,return)</onclick>
							<property name="menu_id">$NUMBER[12300]</property>
							<property name="id">merylstreep</property>
							<visible>!Skin.HasSetting(HomeMenuNoskycinemaButton)</visible>
						</item>
						<item>
							<label>Johnny Depp</label>
							<onclick>ActivateWindow(10025,&quot;plugin://plugin.video.exodusredux/?action=movies&amp;url=http%3a%2f%2fwww.imdb.com%2fsearch%2ftitle%3ftitle_type%3dfeature%2ctv_movie%26production_status%3dreleased%26role%3dnm0000136%26sort%3dyear%2cdesc%26count%3d40%26start%3d1&quot;,return)</onclick>
							<property name="menu_id">$NUMBER[12400]</property>
							<property name="id">johnnydepp</property>
							<visible>!Skin.HasSetting(HomeMenuNoskycinemaButton)</visible>
						</item>
						<item>
							<label>Nicole Kidman</label>
							<onclick>ActivateWindow(10025,&quot;plugin://plugin.video.exodusredux/?action=movies&amp;url=http%3a%2f%2fwww.imdb.com%2fsearch%2ftitle%3ftitle_type%3dfeature%2ctv_movie%26production_status%3dreleased%26role%3dnm0000173%26sort%3dyear%2cdesc%26count%3d40%26start%3d1&quot;,return)</onclick>
							<property name="menu_id">$NUMBER[12500]</property>
							<property name="id">nicolekidman</property>
							<visible>!Skin.HasSetting(HomeMenuNoskycinemaButton)</visible>
						</item>
						<item>
							<label>Jim Carrey</label>
							<onclick>ActivateWindow(10025,&quot;plugin://plugin.video.exodusredux/?action=movies&amp;url=http%3a%2f%2fwww.imdb.com%2fsearch%2ftitle%3ftitle_type%3dfeature%2ctv_movie%26production_status%3dreleased%26role%3dnm0000120%26sort%3dyear%2cdesc%26count%3d40%26start%3d1&quot;,return)</onclick>
							<property name="menu_id">$NUMBER[12600]</property>
							<property name="id">jimcarrey</property>
							<visible>!Skin.HasSetting(HomeMenuNoskycinemaButton)</visible>
						</item>
						<item>
							<label>Matt Damon</label>
							<onclick>ActivateWindow(10025,&quot;plugin://plugin.video.exodusredux/?action=movies&amp;url=http%3a%2f%2fwww.imdb.com%2fsearch%2ftitle%3ftitle_type%3dfeature%2ctv_movie%26production_status%3dreleased%26role%3dnm0000354%26sort%3dyear%2cdesc%26count%3d40%26start%3d1&quot;,return)</onclick>
							<property name="menu_id">$NUMBER[12700]</property>
							<property name="id">mattdamon</property>
							<visible>!Skin.HasSetting(HomeMenuNoskycinemaButton)</visible>
						</item>
						<item>
							<label>Tom Hanks</label>
							<onclick>ActivateWindow(10025,&quot;plugin://plugin.video.exodusredux/?action=movies&amp;url=http%3a%2f%2fwww.imdb.com%2fsearch%2ftitle%3ftitle_type%3dfeature%2ctv_movie%26production_status%3dreleased%26role%3dnm0000158%26sort%3dyear%2cdesc%26count%3d40%26start%3d1&quot;,return)</onclick>
							<property name="menu_id">$NUMBER[12800]</property>
							<property name="id">tomhanks</property>
							<visible>!Skin.HasSetting(HomeMenuNoskycinemaButton)</visible>
						</item>
						<item>
							<label>Julia Stiles</label>
							<onclick>ActivateWindow(10025,&quot;plugin://plugin.video.exodusredux/?action=movies&amp;url=http%3a%2f%2fwww.imdb.com%2fsearch%2ftitle%3ftitle_type%3dfeature%2ctv_movie%26production_status%3dreleased%26role%3dnm0005466%26sort%3dyear%2cdesc%26count%3d40%26start%3d1&quot;,return)</onclick>
							<property name="menu_id">$NUMBER[12900]</property>
							<property name="id">juliastiles</property>
							<visible>!Skin.HasSetting(HomeMenuNoskycinemaButton)</visible>
						</item>
						<item>
							<label>Alicia Vikander</label>
							<onclick>ActivateWindow(10025,&quot;plugin://plugin.video.exodusredux/?action=movies&amp;url=http%3a%2f%2fwww.imdb.com%2fsearch%2ftitle%3ftitle_type%3dfeature%2ctv_movie%26production_status%3dreleased%26role%3dnm2539953%26sort%3dyear%2cdesc%26count%3d40%26start%3d1&quot;,return)</onclick>
							<property name="menu_id">$NUMBER[13000]</property>
							<property name="id">aliciavikander</property>
							<visible>!Skin.HasSetting(HomeMenuNoskycinemaButton)</visible>
						</item>
						<item>
							<label>Jack Nicholson</label>
							<onclick>ActivateWindow(10025,&quot;plugin://plugin.video.exodusredux/?action=movies&amp;url=http%3a%2f%2fwww.imdb.com%2fsearch%2ftitle%3ftitle_type%3dfeature%2ctv_movie%26production_status%3dreleased%26role%3dnm0000197%26sort%3dyear%2cdesc%26count%3d40%26start%3d1&quot;,return)</onclick>
							<property name="menu_id">$NUMBER[13100]</property>
							<property name="id">jacknicholson</property>
							<visible>!Skin.HasSetting(HomeMenuNoskycinemaButton)</visible>
						</item>
						<item>
							<label>Al Pacino</label>
							<onclick>ActivateWindow(10025,&quot;plugin://plugin.video.exodusredux/?action=movies&amp;url=http%3a%2f%2fwww.imdb.com%2fsearch%2ftitle%3ftitle_type%3dfeature%2ctv_movie%26production_status%3dreleased%26role%3dnm0000199%26sort%3dyear%2cdesc%26count%3d40%26start%3d1&quot;,return)</onclick>
							<property name="menu_id">$NUMBER[13200]</property>
							<property name="id">alpacino</property>
							<visible>!Skin.HasSetting(HomeMenuNoskycinemaButton)</visible>
						</item>
						<item>
							<label>Dwayne Johnson</label>
							<onclick>ActivateWindow(10025,&quot;plugin://plugin.video.exodusredux/?action=movies&amp;url=http%3a%2f%2fwww.imdb.com%2fsearch%2ftitle%3ftitle_type%3dfeature%2ctv_movie%26production_status%3dreleased%26role%3dnm0425005%26sort%3dyear%2cdesc%26count%3d40%26start%3d1&quot;,return)</onclick>
							<property name="menu_id">$NUMBER[13300]</property>
							<property name="id">dwaynejohnson</property>
							<visible>!Skin.HasSetting(HomeMenuNoskycinemaButton)</visible>
						</item>
						<item>
							<label>George Clooney</label>
							<onclick>ActivateWindow(10025,&quot;plugin://plugin.video.exodusredux/?action=movies&amp;url=http%3a%2f%2fwww.imdb.com%2fsearch%2ftitle%3ftitle_type%3dfeature%2ctv_movie%26production_status%3dreleased%26role%3dnm0000123%26sort%3dyear%2cdesc%26count%3d40%26start%3d1&quot;,return)</onclick>
							<property name="menu_id">$NUMBER[13400]</property>
							<property name="id">georgeclooney</property>
							<visible>!Skin.HasSetting(HomeMenuNoskycinemaButton)</visible>
						</item>
						<item>
							<label>Clint Eastwood</label>
							<onclick>ActivateWindow(10025,&quot;plugin://plugin.video.exodusredux/?action=movies&amp;url=http%3a%2f%2fwww.imdb.com%2fsearch%2ftitle%3ftitle_type%3dfeature%2ctv_movie%26production_status%3dreleased%26role%3dnm0000142%26sort%3dyear%2cdesc%26count%3d40%26start%3d1&quot;,return)</onclick>
							<property name="menu_id">$NUMBER[13500]</property>
							<property name="id">clinteastwood</property>
							<visible>!Skin.HasSetting(HomeMenuNoskycinemaButton)</visible>
						</item>
						<item>
							<label>Sandra Bullock</label>
							<onclick>ActivateWindow(10025,&quot;plugin://plugin.video.exodusredux/?action=movies&amp;url=http%3a%2f%2fwww.imdb.com%2fsearch%2ftitle%3ftitle_type%3dfeature%2ctv_movie%26production_status%3dreleased%26role%3dnm0000113%26sort%3dyear%2cdesc%26count%3d40%26start%3d1&quot;,return)</onclick>
							<property name="menu_id">$NUMBER[13600]</property>
							<property name="id">sandrabullock</property>
							<visible>!Skin.HasSetting(HomeMenuNoskycinemaButton)</visible>
						</item>
						<item>
							<label>Julia Roberts</label>
							<onclick>ActivateWindow(10025,&quot;plugin://plugin.video.exodusredux/?action=movies&amp;url=http%3a%2f%2fwww.imdb.com%2fsearch%2ftitle%3ftitle_type%3dfeature%2ctv_movie%26production_status%3dreleased%26role%3dnm0000210%26sort%3dyear%2cdesc%26count%3d40%26start%3d1&quot;,return)</onclick>
							<property name="menu_id">$NUMBER[13700]</property>
							<property name="id">juliaroberts</property>
							<visible>!Skin.HasSetting(HomeMenuNoskycinemaButton)</visible>
						</item>
						<item>
							<label>Will Smith</label>
							<onclick>ActivateWindow(10025,&quot;plugin://plugin.video.exodusredux/?action=movies&amp;url=http%3a%2f%2fwww.imdb.com%2fsearch%2ftitle%3ftitle_type%3dfeature%2ctv_movie%26production_status%3dreleased%26role%3dnm0000226%26sort%3dyear%2cdesc%26count%3d40%26start%3d1&quot;,return)</onclick>
							<property name="menu_id">$NUMBER[13800]</property>
							<property name="id">willsmith</property>
							<visible>!Skin.HasSetting(HomeMenuNoskycinemaButton)</visible>
						</item>
						<item>
							<label>Nicolas Cage</label>
							<onclick>ActivateWindow(10025,&quot;plugin://plugin.video.exodusredux/?action=movies&amp;url=http%3a%2f%2fwww.imdb.com%2fsearch%2ftitle%3ftitle_type%3dfeature%2ctv_movie%26production_status%3dreleased%26role%3dnm0000115%26sort%3dyear%2cdesc%26count%3d40%26start%3d1&quot;,return)</onclick>
							<property name="menu_id">$NUMBER[13900]</property>
							<property name="id">nicolascage</property>
							<visible>!Skin.HasSetting(HomeMenuNoskycinemaButton)</visible>
						</item>
						<item>
							<label>Dan Aykroyd</label>
							<onclick>ActivateWindow(10025,&quot;plugin://plugin.video.exodusredux/?action=movies&amp;url=http%3a%2f%2fwww.imdb.com%2fsearch%2ftitle%3ftitle_type%3dfeature%2ctv_movie%26production_status%3dreleased%26role%3dnm0000101%26sort%3dyear%2cdesc%26count%3d40%26start%3d1&quot;,return)</onclick>
							<property name="menu_id">$NUMBER[14000]</property>
							<property name="id">danaykroyd</property>
							<visible>!Skin.HasSetting(HomeMenuNoskycinemaButton)</visible>
						</item>
						<item>
							<label>Christian Bale</label>
							<onclick>ActivateWindow(10025,&quot;plugin://plugin.video.exodusredux/?action=movies&amp;url=http%3a%2f%2fwww.imdb.com%2fsearch%2ftitle%3ftitle_type%3dfeature%2ctv_movie%26production_status%3dreleased%26role%3dnm0000288%26sort%3dyear%2cdesc%26count%3d40%26start%3d1&quot;,return)</onclick>
							<property name="menu_id">$NUMBER[14100]</property>
							<property name="id">christianbale</property>
							<visible>!Skin.HasSetting(HomeMenuNoskycinemaButton)</visible>
						</item>
						<item>
							<label>Bradley Cooper</label>
							<onclick>ActivateWindow(10025,&quot;plugin://plugin.video.exodusredux/?action=movies&amp;url=http%3a%2f%2fwww.imdb.com%2fsearch%2ftitle%3ftitle_type%3dfeature%2ctv_movie%26production_status%3dreleased%26role%3dnm0177896%26sort%3dyear%2cdesc%26count%3d40%26start%3d1&quot;,return)</onclick>
							<property name="menu_id">$NUMBER[14200]</property>
							<property name="id">bradleycooper</property>
							<visible>!Skin.HasSetting(HomeMenuNoskycinemaButton)</visible>
						</item>
						<item>
							<label>Leonardo DiCaprio</label>
							<onclick>ActivateWindow(10025,&quot;plugin://plugin.video.exodusredux/?action=movies&amp;url=http%3a%2f%2fwww.imdb.com%2fsearch%2ftitle%3ftitle_type%3dfeature%2ctv_movie%26production_status%3dreleased%26role%3dnm0000138%26sort%3dyear%2cdesc%26count%3d40%26start%3d1&quot;,return)</onclick>
							<property name="menu_id">$NUMBER[14300]</property>
							<property name="id">leonardodicaprio</property>
							<visible>!Skin.HasSetting(HomeMenuNoskycinemaButton)</visible>
						</item>
						<item>
							<label>Will Ferrell</label>
							<onclick>ActivateWindow(10025,&quot;plugin://plugin.video.exodusredux/?action=movies&amp;url=http%3a%2f%2fwww.imdb.com%2fsearch%2ftitle%3ftitle_type%3dfeature%2ctv_movie%26production_status%3dreleased%26role%3dnm0002071%26sort%3dyear%2cdesc%26count%3d40%26start%3d1&quot;,return)</onclick>
							<property name="menu_id">$NUMBER[14400]</property>
							<property name="id">willferrell</property>
							<visible>!Skin.HasSetting(HomeMenuNoskycinemaButton)</visible>
						</item>
						<item>
							<label>Carrie Fisher</label>
							<onclick>ActivateWindow(10025,&quot;plugin://plugin.video.exodusredux/?action=movies&amp;url=http%3a%2f%2fwww.imdb.com%2fsearch%2ftitle%3ftitle_type%3dfeature%2ctv_movie%26production_status%3dreleased%26role%3dnm0000402%26sort%3dyear%2cdesc%26count%3d40%26start%3d1&quot;,return)</onclick>
							<property name="menu_id">$NUMBER[14500]</property>
							<property name="id">carriefisher</property>
							<visible>!Skin.HasSetting(HomeMenuNoskycinemaButton)</visible>
						</item>
						<item>
							<label>Jennifer Garner</label>
							<onclick>ActivateWindow(10025,&quot;plugin://plugin.video.exodusredux/?action=movies&amp;url=http%3a%2f%2fwww.imdb.com%2fsearch%2ftitle%3ftitle_type%3dfeature%2ctv_movie%26production_status%3dreleased%26role%3dnm0004950%26sort%3dyear%2cdesc%26count%3d40%26start%3d1&quot;,return)</onclick>
							<property name="menu_id">$NUMBER[14600]</property>
							<property name="id">jennifergarner</property>
							<visible>!Skin.HasSetting(HomeMenuNoskycinemaButton)</visible>
						</item>
						<item>
							<label>Jake Gyllenhaal</label>
							<onclick>ActivateWindow(10025,&quot;plugin://plugin.video.exodusredux/?action=movies&amp;url=http%3a%2f%2fwww.imdb.com%2fsearch%2ftitle%3ftitle_type%3dfeature%2ctv_movie%26production_status%3dreleased%26role%3dnm0350453%26sort%3dyear%2cdesc%26count%3d40%26start%3d1&quot;,return)</onclick>
							<property name="menu_id">$NUMBER[14700]</property>
							<property name="id">jakegyllenhall</property>
							<visible>!Skin.HasSetting(HomeMenuNoskycinemaButton)</visible>
						</item>
						<item>
							<label>Chris Hemsworth</label>
							<onclick>ActivateWindow(10025,&quot;plugin://plugin.video.exodusredux/?action=movies&amp;url=http%3a%2f%2fwww.imdb.com%2fsearch%2ftitle%3ftitle_type%3dfeature%2ctv_movie%26production_status%3dreleased%26role%3dnm1165110%26sort%3dyear%2cdesc%26count%3d40%26start%3d1&quot;,return)</onclick>
							<property name="menu_id">$NUMBER[14800]</property>
							<property name="id">chrishemsworth</property>
							<visible>!Skin.HasSetting(HomeMenuNoskycinemaButton)</visible>
						</item>
						<item>
							<label>Samuel L. Jackson</label>
							<onclick>ActivateWindow(10025,&quot;plugin://plugin.video.exodusredux/?action=movies&amp;url=http%3a%2f%2fwww.imdb.com%2fsearch%2ftitle%3ftitle_type%3dfeature%2ctv_movie%26production_status%3dreleased%26role%3dnm0000168%26sort%3dyear%2cdesc%26count%3d40%26start%3d1&quot;,return)</onclick>
							<property name="menu_id">$NUMBER[14900]</property>
							<property name="id">samuelljackson</property>
							<visible>!Skin.HasSetting(HomeMenuNoskycinemaButton)</visible>
						</item>
						<item>
							<label>Val Kilmer</label>
							<onclick>ActivateWindow(10025,&quot;plugin://plugin.video.exodusredux/?action=movies&amp;url=http%3a%2f%2fwww.imdb.com%2fsearch%2ftitle%3ftitle_type%3dfeature%2ctv_movie%26production_status%3dreleased%26role%3dnm0000174%26sort%3dyear%2cdesc%26count%3d40%26start%3d1&quot;,return)</onclick>
							<property name="menu_id">$NUMBER[15000]</property>
							<property name="id">valkilmer</property>
							<visible>!Skin.HasSetting(HomeMenuNoskycinemaButton)</visible>
						</item>
						<item>
							<label>Matthew McConaughey</label>
							<onclick>ActivateWindow(10025,&quot;plugin://plugin.video.exodusredux/?action=movies&amp;url=http%3a%2f%2fwww.imdb.com%2fsearch%2ftitle%3ftitle_type%3dfeature%2ctv_movie%26production_status%3dreleased%26role%3dnm0000190%26sort%3dyear%2cdesc%26count%3d40%26start%3d1&quot;,return)</onclick>
							<property name="menu_id">$NUMBER[15100]</property>
							<property name="id">matthewmcconaughey</property>
							<visible>!Skin.HasSetting(HomeMenuNoskycinemaButton)</visible>
						</item>
						<item>
							<label>Eddie Murphy</label>
							<onclick>ActivateWindow(10025,&quot;plugin://plugin.video.exodusredux/?action=movies&amp;url=http%3a%2f%2fwww.imdb.com%2fsearch%2ftitle%3ftitle_type%3dfeature%2ctv_movie%26production_status%3dreleased%26role%3dnm0000552%26sort%3dyear%2cdesc%26count%3d40%26start%3d1&quot;,return)</onclick>
							<property name="menu_id">$NUMBER[15200]</property>
							<property name="id">eddiemurphy</property>
							<visible>!Skin.HasSetting(HomeMenuNoskycinemaButton)</visible>
						</item>
						<item>
							<label>Bill Murray</label>
							<onclick>ActivateWindow(10025,&quot;plugin://plugin.video.exodusredux/?action=movies&amp;url=http%3a%2f%2fwww.imdb.com%2fsearch%2ftitle%3ftitle_type%3dfeature%2ctv_movie%26production_status%3dreleased%26role%3dnm0000195%26sort%3dyear%2cdesc%26count%3d40%26start%3d1&quot;,return)</onclick>
							<property name="menu_id">$NUMBER[15300]</property>
							<property name="id">billmurray</property>
							<visible>!Skin.HasSetting(HomeMenuNoskycinemaButton)</visible>
						</item>
						<item>
							<label>Dennis Quaid</label>
							<onclick>ActivateWindow(10025,&quot;plugin://plugin.video.exodusredux/?action=movies&amp;url=http%3a%2f%2fwww.imdb.com%2fsearch%2ftitle%3ftitle_type%3dfeature%2ctv_movie%26production_status%3dreleased%26role%3dnm0000598%26sort%3dyear%2cdesc%26count%3d40%26start%3d1&quot;,return)</onclick>
							<property name="menu_id">$NUMBER[15400]</property>
							<property name="id">dennisquaid</property>
							<visible>!Skin.HasSetting(HomeMenuNoskycinemaButton)</visible>
						</item>
						<item>
							<label>Keanu Reeves</label>
							<onclick>ActivateWindow(10025,&quot;plugin://plugin.video.exodusredux/?action=movies&amp;url=http%3a%2f%2fwww.imdb.com%2fsearch%2ftitle%3ftitle_type%3dfeature%2ctv_movie%26production_status%3dreleased%26role%3dnm0000206%26sort%3dyear%2cdesc%26count%3d40%26start%3d1&quot;,return)</onclick>
							<property name="menu_id">$NUMBER[15500]</property>
							<property name="id">keanureeves</property>
							<visible>!Skin.HasSetting(HomeMenuNoskycinemaButton)</visible>
						</item>
						<item>
							<label>Ryan Reynolds</label>
							<onclick>ActivateWindow(10025,&quot;plugin://plugin.video.exodusredux/?action=movies&amp;url=http%3a%2f%2fwww.imdb.com%2fsearch%2ftitle%3ftitle_type%3dfeature%2ctv_movie%26production_status%3dreleased%26role%3dnm0005351%26sort%3dyear%2cdesc%26count%3d40%26start%3d1&quot;,return)</onclick>
							<property name="menu_id">$NUMBER[15600]</property>
							<property name="id">ryanreynolds</property>
							<visible>!Skin.HasSetting(HomeMenuNoskycinemaButton)</visible>
						</item>
						<item>
							<label>Adam Sandler</label>
							<onclick>ActivateWindow(10025,&quot;plugin://plugin.video.exodusredux/?action=movies&amp;url=http%3a%2f%2fwww.imdb.com%2fsearch%2ftitle%3ftitle_type%3dfeature%2ctv_movie%26production_status%3dreleased%26role%3dnm0001191%26sort%3dyear%2cdesc%26count%3d40%26start%3d1&quot;,return)</onclick>
							<property name="menu_id">$NUMBER[15700]</property>
							<property name="id">adamsandler</property>
							<visible>!Skin.HasSetting(HomeMenuNoskycinemaButton)</visible>
						</item>
						<item>
							<label>Jason Statham</label>
							<onclick>ActivateWindow(10025,&quot;plugin://plugin.video.exodusredux/?action=movies&amp;url=http%3a%2f%2fwww.imdb.com%2fsearch%2ftitle%3ftitle_type%3dfeature%2ctv_movie%26production_status%3dreleased%26role%3dnm0005458%26sort%3dyear%2cdesc%26count%3d40%26start%3d1&quot;,return)</onclick>
							<property name="menu_id">$NUMBER[15800]</property>
							<property name="id">jasonstatham</property>
							<visible>!Skin.HasSetting(HomeMenuNoskycinemaButton)</visible>
						</item>
						<item>
							<label>Bruce Willis</label>
							<onclick>ActivateWindow(10025,&quot;plugin://plugin.video.exodusredux/?action=movies&amp;url=http%3a%2f%2fwww.imdb.com%2fsearch%2ftitle%3ftitle_type%3dfeature%2ctv_movie%26production_status%3dreleased%26role%3dnm0000246%26sort%3dyear%2cdesc%26count%3d40%26start%3d1&quot;,return)</onclick>
							<property name="menu_id">$NUMBER[15900]</property>
							<property name="id">brucewillis</property>
							<visible>!Skin.HasSetting(HomeMenuNoskycinemaButton)</visible>
						</item>
						<item>
							<label>Owen Wilson</label>
							<onclick>ActivateWindow(10025,&quot;plugin://plugin.video.exodusredux/?action=movies&amp;url=http%3a%2f%2fwww.imdb.com%2fsearch%2ftitle%3ftitle_type%3dfeature%2ctv_movie%26production_status%3dreleased%26role%3dnm0005562%26sort%3dyear%2cdesc%26count%3d40%26start%3d1&quot;,return)</onclick>
							<property name="menu_id">$NUMBER[16000]</property>
							<property name="id">owenwilson</property>
							<visible>!Skin.HasSetting(HomeMenuNoskycinemaButton)</visible>
						</item>
						<item>
							<label>Actors Search</label>
							<onclick>ActivateWindow(10025,&quot;plugin://plugin.video.exodusredux/?action=moviePerson&quot;,return)</onclick>
							<property name="menu_id">$NUMBER[16100]</property>
							<property name="id">p
asearch</property>
							<visible>!Skin.HasSetting(HomeMenuNoskycinemaButton)</visible>
						</item>
					</content>
				</control>
			</control>
			<control type="group">
				<control type="group">
	                <visible>Integer.IsGreater(Container(51).NumItems,0)</visible>
	                <control type="image">
	                	<left>730</left>
	                    <top>180</top>
	                    <width>1100</width>
	                    <height>120</height>
	                    <visible>Control.HasFocus(51)</visible>
	                    <animation effect="fade" time="320" delay="200">Visible</animation>
	                    <animation effect="fade" time="50">Hidden</animation>
	                    <texture colordiffuse="$VAR[ColorHighlightVar]" border="5">listselect_fo.png</texture>
	                    <animation effect="slide" end="0,120" time="150" tween="cubic" easing="inout" condition="Integer.IsGreater(Container(51).Row,5)">Conditional</animation>
	                    <animation effect="slide" end="0,120" time="150" tween="cubic" easing="inout" condition="Integer.IsGreater(Container(51).Row,4)">Conditional</animation>
	                    <animation effect="slide" end="0,120" time="150" tween="cubic" easing="inout" condition="Integer.IsGreater(Container(51).Row,3)">Conditional</animation>
	                    <animation effect="slide" end="0,120" time="150" tween="cubic" easing="inout" condition="Integer.IsGreater(Container(51).Row,2)">Conditional</animation>
	                    <animation effect="slide" end="0,120" time="150" tween="cubic" easing="inout" condition="Integer.IsGreater(Container(51).Row,1)">Conditional</animation>
	                    <animation effect="slide" end="0,120" time="150" tween="cubic" easing="inout" condition="Integer.IsGreater(Container(51).Row,0)">Conditional</animation>
	                </control>
	            </control>
				<control type="panel" id="51">
					<left>730</left>
					<top>180</top>
					<width>1100</width>
					<height>840</height>
					<onleft>50</onleft>
					<onright condition="Container(51).HasNext | Container(51).HasPrevious">60</onright>
					<onup>51</onup>
					<ondown>51</ondown>
					<animation effect="fade" start="100" end="0" time="150" condition="Container(51).IsUpdating">conditional</animation>
					<viewtype label="535">list</viewtype>
					<pagecontrol>60</pagecontrol>
					<scrolltime tween="quadratic" easing="out">200</scrolltime>
					<itemlayout height="120" width="810">
						<control type="image">
							<left>10</left>
							<top>10</top>
							<width>100</width>
							<height>100</height>
							<aspectratio scalediffuse="false">keep</aspectratio>
							<texture background="true" diffuse="diffuse/list-icon.png" fallback="DefaultFolder.png">$INFO[ListItem.Icon]</texture>
						</control>
						<control type="label">
							<left>135</left>
							<top>3</top>
							<width>940</width>
							<height>70</height>
							<font>font30</font>
							<label>$INFO[ListItem.Label]</label>
						</control>
						<control type="label">
							<left>135</left>
							<top>52</top>
							<width>940</width>
							<height>60</height>
							<label>$INFO[ListItem.AddonSummary]</label>
						</control>
					</itemlayout>
					<focusedlayout height="120" width="810">
						<control type="image">
							<left>10</left>
							<top>10</top>
							<width>100</width>
							<height>100</height>
							<aspectratio scalediffuse="false">keep</aspectratio>
							<texture background="true" diffuse="diffuse/list-icon.png" fallback="DefaultFolder.png">$INFO[ListItem.Icon]</texture>
						</control>
						<control type="label">
							<left>135</left>
							<top>3</top>
							<width>940</width>
							<height>70</height>
							<font>font30</font>
							<label>$INFO[ListItem.Label]</label>
						</control>
						<control type="label">
							<left>135</left>
							<top>52</top>
							<width>940</width>
							<height>60</height>
							<label>$INFO[ListItem.AddonSummary]</label>
						</control>
					</focusedlayout>
					<content target="$INFO[Container(50).ListItem.Property(AppsTarget)]" sortby="$INFO[Container(50).ListItem.Property(AppsSortBy)]" sortorder="descending">$INFO[Container(50).ListItem.Property(AppsContent)]</content>
				</control>
				<control type="scrollbar" id="60">
					<visible allowhiddenfocus="true">Control.HasFocus(60) | Container(51).Scrolling</visible>
					<animation effect="fade" time="150" tween="sine" easing="inout" start="0" end="100">Visible</animation>
					<left>1910</left>
					<top>120</top>
					<width>10</width>
					<height>960</height>
					<onup>60</onup>
					<ondown>60</ondown>
					<onleft>51</onleft>
					<onright>51</onright>
					<orientation>vertical</orientation>
				</control>
			</control>
		</control>
		<include>Topbar</include>
	</controls>
</window>
