<?xml version="1.0" encoding="CP1253"?>
<window id="1013" type="window">
	<defaultcontrol always="true">50</defaultcontrol>
	<controls>
		<include>CommonBackground</include>
		<control type="group">
			<include>Animation.Common</include>
			<visible>!Window.IsActive(addoninformation)</visible>
			<control type="group">
				<left>90</left>
				<top>0</top>
				<control type="group">
	                <visible>Integer.IsGreater(Container(50).NumItems,0)</visible>
	                <control type="image">
	                	<left>0</left>
	                    <top>180</top>
	                    <width>550</width>
	                    <height>120</height>
	                    <visible>Control.HasFocus(50)</visible>
	                    <animation effect="fade" time="320" delay="200">Visible</animation>
	                    <animation effect="fade" time="50">Hidden</animation>
	                    <texture colordiffuse="$VAR[ColorHighlightVar]" border="5">listselect_fo.png</texture>
	                    <animation effect="slide" end="0,120" time="150" tween="cubic" easing="inout" condition="Integer.IsGreater(Container(50).Row,5)">Conditional</animation>
	                    <animation effect="slide" end="0,120" time="150" tween="cubic" easing="inout" condition="Integer.IsGreater(Container(50).Row,4)">Conditional</animation>
	                    <animation effect="slide" end="0,120" time="150" tween="cubic" easing="inout" condition="Integer.IsGreater(Container(50).Row,3)">Conditional</animation>
	                    <animation effect="slide" end="0,120" time="150" tween="cubic" easing="inout" condition="Integer.IsGreater(Container(50).Row,2)">Conditional</animation>
	                    <animation effect="slide" end="0,120" time="150" tween="cubic" easing="inout" condition="Integer.IsGreater(Container(50).Row,1)">Conditional</animation>
	                    <animation effect="slide" end="0,120" time="150" tween="cubic" easing="inout" condition="Integer.IsGreater(Container(50).Row,0)">Conditional</animation>
	                </control>
	            </control>
				<control type="panel" id="50">
					<left>0</left>
					<top>180</top>
					<width>550</width>
					<height>840</height>
					<onright condition="Integer.IsGreater(Container(51).NumItems,0)">51</onright>
					<onup>50</onup>
					<ondown>50</ondown>
					<viewtype label="535">list</viewtype>
					<scrolltime tween="quadratic" easing="out">200</scrolltime>
					<itemlayout height="120" width="550">
						<control type="image">
							<left>10</left>
							<top>10</top>
							<width>100</width>
							<height>100</height>
							<aspectratio>keep</aspectratio>
							<texture background="true">$INFO[ListItem.Icon]</texture>
						</control>
						<control type="label">
							<left>135</left>
							<top>3</top>
							<width>400</width>
							<height>70</height>
							<font>font30</font>
							<label>$INFO[ListItem.Label]</label>
						</control>
						<control type="label">
							<left>135</left>
							<top>52</top>
							<width>400</width>
							<height>60</height>
							<label>$INFO[ListItem.Label2]</label>
						</control>
					</itemlayout>
					<focusedlayout height="120" width="550">
						<control type="image">
							<left>10</left>
							<top>10</top>
							<width>100</width>
							<height>100</height>
							<aspectratio>keep</aspectratio>
							<texture background="true">$INFO[ListItem.Icon]</texture>
						</control>
						<control type="label">
							<left>135</left>
							<top>3</top>
							<width>400</width>
							<height>70</height>
							<font>font30</font>
							<label>$INFO[ListItem.Label]</label>
						</control>
						<control type="label">
							<left>135</left>
							<top>52</top>
							<width>400</width>
							<height>60</height>
							<label>$INFO[ListItem.Label2]</label>
						</control>
					</focusedlayout>
					<content>
						<item>
							<label>TV Shows</label>
							<property name="menu_id">$NUMBER[10000]</property>
							<onclick>ActivateWindow(10025,&quot;plugin://plugin.video.scrubsv2/?action=tvNavigator&quot;,return)</onclick>
							<property name="id">featured</property>
							<visible>!Skin.HasSetting(HomeMenuNoskyboxsetsButton)</visible>
						</item>
						<item>
							<label>Trending</label>
							<property name="menu_id">$NUMBER[10050]</property>
							<onclick>ActivateWindow(10025,&quot;plugin://plugin.video.exodusredux/?action=tvshows&amp;url=trending&quot;,return)</onclick>
							<property name="id">featured</property>
							<visible>!Skin.HasSetting(HomeMenuNoskyboxsetsButton)</visible>
						</item>
						<item>
							<label>Returning Favourites</label>
							<onclick>ActivateWindow(10025,&quot;plugin://plugin.video.exodusredux/?action=tvshows&amp;url=active&quot;,return)</onclick>
							<property name="menu_id">$NUMBER[10100]</property>
							<property name="id">ultrahd</property>
							<visible>!Skin.HasSetting(HomeMenuNoskyboxsetsButton)</visible>
						</item>
						<item>
							<label>Drama</label>
							<onclick>ActivateWindow(10025,&quot;plugin://plugin.video.exodusredux/?action=tvshows&amp;url=http%3a%2f%2fwww.imdb.com%2fsearch%2ftitle%3ftitle_type%3dtv_series%2cmini_series%26release_date%3d%2cdate%5b0%5d%26genres%3ddrama%26sort%3dmoviemeter%2casc%26count%3d40%26start%3d1&quot;,return)</onclick>
							<property name="menu_id">$NUMBER[10200]</property>
							<property name="id">drama</property>
							<visible>!Skin.HasSetting(HomeMenuNoskyboxsetsButton)</visible>
						</item>
						<item>
							<label>Comedy</label>
							<onclick>ActivateWindow(10025,&quot;plugin://plugin.video.exodusredux/?action=tvshows&amp;url=http%3a%2f%2fwww.imdb.com%2fsearch%2ftitle%3ftitle_type%3dtv_series%2cmini_series%26release_date%3d%2cdate%5b0%5d%26genres%3dcomedy%26sort%3dmoviemeter%2casc%26count%3d40%26start%3d1&quot;,return)</onclick>
							<property name="menu_id">$NUMBER[10300]</property>
							<property name="id">comedy</property>
							<visible>!Skin.HasSetting(HomeMenuNoskyboxsetsButton)</visible>
						</item>
						<item>
							<label>Factual</label>
							<onclick>ActivateWindow(10025,&quot;plugin://plugin.video.exodusredux/?action=tvshows&amp;url=http%3a%2f%2fwww.imdb.com%2fsearch%2ftitle%3ftitle_type%3dtv_series%2cmini_series%26release_date%3d%2cdate%5b0%5d%26genres%3dDocumentary%26sort%3dmoviemeter%2casc%26count%3d40%26start%3d1&quot;,return)</onclick>
							<property name="menu_id">$NUMBER[10400]</property>
							<property name="id">factual</property>
							<visible>!Skin.HasSetting(HomeMenuNoskyboxsetsButton)</visible>
						</item>
						<item>
							<label>Popular</label>
							<onclick>ActivateWindow(10025,&quot;plugin://plugin.video.exodusredux/?action=tvshows&amp;url=popular&quot;,return)</onclick>
							<property name="menu_id">$NUMBER[10500]</property>
							<property name="id">skystore</property>
							<visible>!Skin.HasSetting(HomeMenuNoskystoreButton)</visible>
						</item>
						<item>
							<label>Netflix</label>
							<onclick>ActivateWindow(10025,&quot;plugin://plugin.video.exodusredux/?action=tvshows&amp;url=http%3a%2f%2fwww.tvmaze.com%2fwebchannels%2f1%2fnetflix&quot;,return)</onclick>
							<property name="menu_id">$NUMBER[10600]</property>
							<property name="id">skyoriginal</property>
							<visible>!Skin.HasSetting(HomeMenuNoskyboxsetsButton)</visible>
						</item>
						<item>
							<label>Reality</label>
							<onclick>ActivateWindow(10025,&quot;plugin://plugin.video.exodusredux/?action=tvshows&amp;url=http%3a%2f%2fwww.imdb.com%2fsearch%2ftitle%3ftitle_type%3dtv_series%2cmini_series%26release_date%3d%2cdate%5b0%5d%26genres%3dReality-TV%26sort%3dmoviemeter%2casc%26count%3d40%26start%3d1&quot;,return)</onclick>
							<property name="menu_id">$NUMBER[10700]</property>
							<property name="id">reality</property>
							<visible>!Skin.HasSetting(HomeMenuNoskyboxsetsButton)</visible>
						</item>
						<item>
							<label>Kids</label>
							<onclick>ActivateWindow(10025,&quot;plugin://plugin.video.exodusredux/?action=tvshows&amp;url=http%3a%2f%2fwww.imdb.com%2fsearch%2ftitle%3ftitle_type%3dtv_series%2ctv_episode%2cmini_series%26release_date%3d%2cdate%5b0%5d%26genres%3danimation%2cdfamily%26certificates%3dus:g,us:pg%26sort%3dmoviemeter%2casc%26count%3d40%26start%3d1&quot;,return)</onclick>
							<property name="menu_id">$NUMBER[10900]</property>
							<property name="id">kids</property>
							<visible>!Skin.HasSetting(HomeMenuNokidsButton)</visible>
						</item>
						<item>
							<label>Art & Music</label>
							<onclick>ActivateWindow(10025,&quot;plugin://plugin.video.exodusredux/?action=tvshows&amp;url=https%3a%2f%2fwww.imdb.com%2fsearch%2ftitle%3ftitle_type%3dtv_series%2cmini_series%26release_date%3d%2cdate%5b0%5d%26genres%3dmusic%26sort%3dmoviemeter%2casc%26count%3d40%26start%3d1&quot;,return)</onclick>
							<property name="menu_id">$NUMBER[11000]</property>
							<property name="id">artmusic</property>
							<visible>!Skin.HasSetting(HomeMenuNoskyboxsetsButton)</visible>
						</item>
						<item>
							<label>For You</label>
							<onclick>ActivateWindow(10025,&quot;plugin://plugin.video.exodusredux/?action=tvshows&amp;url=views&quot;,return)</onclick>
							<property name="menu_id">$NUMBER[11100]</property>
							<property name="id">3d</property>
							<visible>!Skin.HasSetting(HomeMenuNo3dButton)</visible>
						</item>
						<item>
							<label>Channels</label>
							<onclick>ActivateWindow(1014)</onclick>
							<property name="menu_id">$NUMBER[11200]</property>
							<property name="id">channels</property>
							<visible>!Skin.HasSetting(HomeMenuNoskyboxsetsButton)</visible>
						</item>
						<item>
							<label>Highly Rated</label>
							<onclick>ActivateWindow(10025,&quot;plugin://plugin.video.exodusredux/?action=tvshows&amp;url=rating&quot;,return)</onclick>
							<property name="menu_id">$NUMBER[11300]</property>
							<property name="id">subtitled</property>
							<visible>!Skin.HasSetting(HomeMenuNosubtitledButton)</visible>
						</item>
						<item>
							<label>Search</label>
							<onclick>ActivateWindow(10025,&quot;plugin://plugin.video.exodusredux/?action=tvSearch&quot;,return)</onclick>
							<property name="menu_id">$NUMBER[11400]</property>
							<property name="id">all</property>
							<visible>!Skin.HasSetting(HomeMenuNoskyboxsetsButton)</visible>
						</item>
					</content>
				</control>
			</control>
			<control type="group">
				<control type="group">
	                <visible>Integer.IsGreater(Container(51).NumItems,0)</visible>
	                <control type="image">
	                	<left>730</left>
	                    <top>180</top>
	                    <width>1100</width>
	                    <height>120</height>
	                    <visible>Control.HasFocus(51)</visible>
	                    <animation effect="fade" time="320" delay="200">Visible</animation>
	                    <animation effect="fade" time="50">Hidden</animation>
	                    <texture colordiffuse="$VAR[ColorHighlightVar]" border="5">listselect_fo.png</texture>
	                    <animation effect="slide" end="0,120" time="150" tween="cubic" easing="inout" condition="Integer.IsGreater(Container(51).Row,5)">Conditional</animation>
	                    <animation effect="slide" end="0,120" time="150" tween="cubic" easing="inout" condition="Integer.IsGreater(Container(51).Row,4)">Conditional</animation>
	                    <animation effect="slide" end="0,120" time="150" tween="cubic" easing="inout" condition="Integer.IsGreater(Container(51).Row,3)">Conditional</animation>
	                    <animation effect="slide" end="0,120" time="150" tween="cubic" easing="inout" condition="Integer.IsGreater(Container(51).Row,2)">Conditional</animation>
	                    <animation effect="slide" end="0,120" time="150" tween="cubic" easing="inout" condition="Integer.IsGreater(Container(51).Row,1)">Conditional</animation>
	                    <animation effect="slide" end="0,120" time="150" tween="cubic" easing="inout" condition="Integer.IsGreater(Container(51).Row,0)">Conditional</animation>
	                </control>
	            </control>
				<control type="panel" id="51">
					<left>730</left>
					<top>180</top>
					<width>1100</width>
					<height>840</height>
					<onleft>50</onleft>
					<onright condition="Container(51).HasNext | Container(51).HasPrevious">60</onright>
					<onup>51</onup>
					<ondown>51</ondown>
					<animation effect="fade" start="100" end="0" time="150" condition="Container(51).IsUpdating">conditional</animation>
					<viewtype label="535">list</viewtype>
					<pagecontrol>60</pagecontrol>
					<scrolltime tween="quadratic" easing="out">200</scrolltime>
					<itemlayout height="120" width="810">
						<control type="image">
							<left>10</left>
							<top>10</top>
							<width>100</width>
							<height>100</height>
							<aspectratio scalediffuse="false">keep</aspectratio>
							<texture background="true" diffuse="diffuse/list-icon.png" fallback="DefaultFolder.png">$INFO[ListItem.Icon]</texture>
						</control>
						<control type="label">
							<left>135</left>
							<top>3</top>
							<width>940</width>
							<height>70</height>
							<font>font30</font>
							<label>$INFO[ListItem.Label]</label>
						</control>
						<control type="label">
							<left>135</left>
							<top>52</top>
							<width>940</width>
							<height>60</height>
							<label>$INFO[ListItem.AddonSummary]</label>
						</control>
					</itemlayout>
					<focusedlayout height="120" width="810">
						<control type="image">
							<left>10</left>
							<top>10</top>
							<width>100</width>
							<height>100</height>
							<aspectratio scalediffuse="false">keep</aspectratio>
							<texture background="true" diffuse="diffuse/list-icon.png" fallback="DefaultFolder.png">$INFO[ListItem.Icon]</texture>
						</control>
						<control type="label">
							<left>135</left>
							<top>3</top>
							<width>940</width>
							<height>70</height>
							<font>font30</font>
							<label>$INFO[ListItem.Label]</label>
						</control>
						<control type="label">
							<left>135</left>
							<top>52</top>
							<width>940</width>
							<height>60</height>
							<label>$INFO[ListItem.AddonSummary]</label>
						</control>
					</focusedlayout>
					<content target="$INFO[Container(50).ListItem.Property(AppsTarget)]" sortby="$INFO[Container(50).ListItem.Property(AppsSortBy)]" sortorder="descending">$INFO[Container(50).ListItem.Property(AppsContent)]</content>
				</control>
				<control type="scrollbar" id="60">
					<visible allowhiddenfocus="true">Control.HasFocus(60) | Container(51).Scrolling</visible>
					<animation effect="fade" time="150" tween="sine" easing="inout" start="0" end="100">Visible</animation>
					<left>1910</left>
					<top>120</top>
					<width>10</width>
					<height>960</height>
					<onup>60</onup>
					<ondown>60</ondown>
					<onleft>51</onleft>
					<onright>51</onright>
					<orientation>vertical</orientation>
				</control>
			</control>
		</control>
		<include>Topbar</include>
	</controls>
</window>
