<?xml version="1.0" encoding="UTF-8"?>
<window id="1021" type="window">
	<defaultcontrol always="true">50</defaultcontrol>
	<controls>
		<include>CommonBackground</include>
		<control type="group">
			<include>Animation.Common</include>
			<visible>!Window.IsActive(addoninformation)</visible>
			<control type="group">
				<left>90</left>
				<top>0</top>
				<control type="group">
	                <visible>Integer.IsGreater(Container(50).NumItems,0)</visible>
	                <control type="image">
	                	<left>0</left>
	                    <top>180</top>
	                    <width>550</width>
	                    <height>120</height>
	                    <visible>Control.HasFocus(50)</visible>
	                    <animation effect="fade" time="320" delay="200">Visible</animation>
	                    <animation effect="fade" time="50">Hidden</animation>
	                    <texture colordiffuse="$VAR[ColorHighlightVar]" border="5">listselect_fo.png</texture>
	                    <animation effect="slide" end="0,120" time="150" tween="cubic" easing="inout" condition="Integer.IsGreater(Container(50).Row,5)">Conditional</animation>
	                    <animation effect="slide" end="0,120" time="150" tween="cubic" easing="inout" condition="Integer.IsGreater(Container(50).Row,4)">Conditional</animation>
	                    <animation effect="slide" end="0,120" time="150" tween="cubic" easing="inout" condition="Integer.IsGreater(Container(50).Row,3)">Conditional</animation>
	                    <animation effect="slide" end="0,120" time="150" tween="cubic" easing="inout" condition="Integer.IsGreater(Container(50).Row,2)">Conditional</animation>
	                    <animation effect="slide" end="0,120" time="150" tween="cubic" easing="inout" condition="Integer.IsGreater(Container(50).Row,1)">Conditional</animation>
	                    <animation effect="slide" end="0,120" time="150" tween="cubic" easing="inout" condition="Integer.IsGreater(Container(50).Row,0)">Conditional</animation>
	                </control>
	            </control>
				<control type="panel" id="50">
					<left>0</left>
					<top>180</top>
					<width>550</width>
					<height>840</height>
					<onright condition="Integer.IsGreater(Container(51).NumItems,0)">51</onright>
					<onup>50</onup>
					<ondown>50</ondown>
					<viewtype label="535">list</viewtype>
					<scrolltime tween="quadratic" easing="out">200</scrolltime>
					<itemlayout height="120" width="550">
						<control type="image">
							<left>10</left>
							<top>10</top>
							<width>100</width>
							<height>100</height>
							<aspectratio>keep</aspectratio>
							<texture background="true">$INFO[ListItem.Icon]</texture>
						</control>
						<control type="label">
							<left>135</left>
							<top>3</top>
							<width>400</width>
							<height>70</height>
							<font>font30</font>
							<label>$INFO[ListItem.Label]</label>
						</control>
						<control type="label">
							<left>135</left>
							<top>52</top>
							<width>400</width>
							<height>60</height>
							<label>$INFO[ListItem.Label2]</label>
						</control>
					</itemlayout>
					<focusedlayout height="120" width="550">
						<control type="image">
							<left>10</left>
							<top>10</top>
							<width>100</width>
							<height>100</height>
							<aspectratio>keep</aspectratio>
							<texture background="true">$INFO[ListItem.Icon]</texture>
						</control>
						<control type="label">
							<left>135</left>
							<top>3</top>
							<width>400</width>
							<height>70</height>
							<font>font30</font>
							<label>$INFO[ListItem.Label]</label>
						</control>
						<control type="label">
							<left>135</left>
							<top>52</top>
							<width>400</width>
							<height>60</height>
							<label>$INFO[ListItem.Label2]</label>
						</control>
					</focusedlayout>
					<content>
						<item>
							<label>Παιδικές Ταινίες</label>
							<onclick>ActivateWindow(10025,&quot;plugin://plugin.video.AliveGR/?action=listing&amp;title=%ce%97%ce%a0%ce%91&amp;url=http%3a%2f%2fgreek-movies.com%2fmovies.php%3fp%3d3%26l%3d%26y%3d%26g%3d&quot;,return)</onclick>
							<property name="menu_id">$NUMBER[13100]</property>
							<property name="id">boomerang</property>
							<visible>!Skin.HasSetting(HomeMenuNokidsButton)</visible>
						</item>
						<item>
							<label>Προτεινόμενα</label>
							<onclick>ActivateWindow(10025,&quot;plugin://plugin.video.cartoonsgr/?description&amp;iconimage=C%3a%5cUsers%5cFujitsu%5cAppData%5cRoaming%5cKodi%5caddons%5cplugin.video.cartoonsgr%2fresources%2ficons%2ftop.png&amp;mode=21&amp;name=%5bB%5d%5bCOLOR%20yellow%5d%ce%a0%cf%81%ce%bf%cf%84%ce%b5%ce%b9%ce%bd%cf%8c%ce%bc%ce%b5%ce%bd%ce%b1%5b%2fCOLOR%5d%5b%2fB%5d&amp;url=http%3a%2f%2fgamatotv2.com%2fkids%2f&quot;,return)</onclick>
							<property name="menu_id">$NUMBER[13200]</property>
							<property name="id">cartoonnetwork</property>
							<visible>!Skin.HasSetting(HomeMenuNokidsButton)</visible>
						</item>
						<item>
							<label>Μεταγλωτισμένα</label>
							<onclick>ActivateWindow(10025,&quot;plugin://plugin.video.cartoonsgr/?description&amp;iconimage=C%3a%5cUsers%5cFujitsu%5cAppData%5cRoaming%5cKodi%5caddons%5cplugin.video.cartoonsgr%2fresources%2ficons%2fdub.jpg&amp;mode=4&amp;name=%5bB%5d%5bCOLOR%20yellow%5d%ce%9c%ce%b5%cf%84%ce%b1%ce%b3%ce%bb%cf%89%cf%84%ce%b9%cf%83%ce%bc%ce%ad%ce%bd%ce%b1%5b%2fCOLOR%5d%5b%2fB%5d&amp;url=http%3a%2f%2fgamatotv2.com%2fkids%2fgenre%2f%25ce%25bc%25ce%25b5%25cf%2584%25ce%25b1%25ce%25b3%25ce%25bb%25cf%2589%25cf%2584%25ce%25b9%25cf%2583%25ce%25bc%25ce%25ad%25ce%25bd%25ce%25b1%2f&quot;,return)</onclick>
							<property name="menu_id">$NUMBER[13300]</property>
							<property name="id">cartoonnetwork</property>
							<visible>!Skin.HasSetting(HomeMenuNokidsButton)</visible>
						</item>
						<!--<item>
							<label>Μεταγλωτισμένα</label>
							<onclick>ActivateWindow(10025,&quot;plugin://plugin.video.cartoonsgr/?description&amp;iconimage=C%3a%5cUsers%5cFujitsu%5cAppData%5cRoaming%5cKodi%5caddons%5cplugin.video.cartoonsgr%2fresources%2ficons%2fdub.jpg&amp;mode=34&amp;name=%5bB%5d%5bCOLOR%20yellow%5d%ce%9c%ce%b5%cf%84%ce%b1%ce%b3%ce%bb%cf%89%cf%84%ce%b9%cf%83%ce%bc%ce%ad%ce%bd%ce%b1%5b%2fCOLOR%5d%5b%2fB%5d&amp;url=https%3a%2f%2ftenies-online.gr%2fgenre%2fkids%2f&quot;,return)</onclick>
							<property name="menu_id">$NUMBER[13400]</property>
							<property name="id">nickelodeon</property>
							<visible>!Skin.HasSetting(HomeMenuNokidsButton)</visible>
						</item>
						<item>
							<label>Κινούμενα Σχέδια</label>
							<onclick>ActivateWindow(10025,&quot;plugin://plugin.video.cartoonsgr/?description&amp;iconimage=C%3a%5cUsers%5cFujitsu%5cAppData%5cRoaming%5cKodi%5caddons%5cplugin.video.cartoonsgr%2fresources%2ficons%2fdub.jpg&amp;mode=34&amp;name=%5bB%5d%5bCOLOR%20yellow%5d%ce%9a%ce%b9%ce%bd%ce%bf%cf%8d%ce%bc%ce%b5%ce%bd%ce%b1%20%ce%a3%cf%87%ce%ad%ce%b4%ce%b9%ce%b1%5b%2fCOLOR%5d%5b%2fB%5d&amp;url=https%3a%2f%2ftenies-online.gr%2fgenre%2f%ce%ba%ce%b9%ce%bd%ce%bf%cf%8d%ce%bc%ce%b5%ce%bd%ce%b1-%cf%83%cf%87%ce%ad%ce%b4%ce%b9%ce%b1%2f&quot;,return)</onclick>
							<property name="menu_id">$NUMBER[13500]</property>
							<property name="id">nicktoons</property>
							<visible>!Skin.HasSetting(HomeMenuNokidsButton)</visible>
						</item>
						<item>
							<label>Ταινίες κινουμένων σχεδίων</label>
							<onclick>ActivateWindow(10025,&quot;plugin://plugin.video.AliveGR/?action=listing&amp;title=%ce%a4%ce%b1%ce%b9%ce%bd%ce%af%ce%b5%cf%82%20%ce%ba%ce%b9%ce%bd%ce%bf%cf%85%ce%bc%ce%ad%ce%bd%cf%89%ce%bd%20%cf%83%cf%87%ce%b5%ce%b4%ce%af%cf%89%ce%bd&amp;url=http%3a%2f%2fgreek-movies.com%2fmovies.php%3fg%3d8%26y%3d%26l%3d%26p%3d&quot;,return)</onclick>
							<property name="menu_id">$NUMBER[13600]</property>
							<property name="id">disneyxd</property>
							<visible>!Skin.HasSetting(HomeMenuNokidsButton)</visible>
						</item>-->
						<item>
							<label>Παιδικές Ταινίες Μικρού Μήκους</label>
							<onclick>ActivateWindow(10025,&quot;plugin://plugin.video.AliveGR/?action=listing&amp;title=%ce%a0%ce%b1%ce%b9%ce%b4%ce%b9%ce%ba%ce%ad%cf%82%20%ce%a4%ce%b1%ce%b9%ce%bd%ce%af%ce%b5%cf%82%20%ce%9c%ce%b9%ce%ba%cf%81%ce%bf%cf%8d%20%ce%9c%ce%ae%ce%ba%ce%bf%cf%85%cf%82&amp;url=http%3a%2f%2fgreek-movies.com%2fshortfilm.php%3fg%3d8%26y%3d%26l%3d%26p%3d&quot;,return)</onclick>
							<property name="menu_id">$NUMBER[13700]</property>
							<property name="id">disneychannel</property>
							<visible>!Skin.HasSetting(HomeMenuNokidsButton)</visible>
						</item>
						<item>
							<label>Σειρές κινουμένων σχεδίων</label>
							<onclick>ActivateWindow(10025,&quot;plugin://plugin.video.AliveGR/?action=cartoon_series&amp;title=%ce%a3%ce%b5%ce%b9%cf%81%ce%ad%cf%82%20%ce%ba%ce%b9%ce%bd%ce%bf%cf%85%ce%bc%ce%ad%ce%bd%cf%89%ce%bd%20%cf%83%cf%87%ce%b5%ce%b4%ce%af%cf%89%ce%bd&quot;,return)</onclick>
							<property name="menu_id">$NUMBER[13800]</property>
							<property name="id">disneyjunior</property>
							<visible>!Skin.HasSetting(HomeMenuNokidsButton)</visible>
						</item>
						<item>
							<label>Ζωντανά κανάλια με παιδικά</label>
							<onclick>ActivateWindow(10025,&quot;plugin://plugin.video.AliveGR/?action=kids_live&amp;title=%ce%96%cf%89%ce%bd%cf%84%ce%b1%ce%bd%ce%ac%20%ce%ba%ce%b1%ce%bd%ce%ac%ce%bb%ce%b9%ce%b1%20%ce%bc%ce%b5%20%cf%80%ce%b1%ce%b9%ce%b4%ce%b9%ce%ba%ce%ac&quot;,return)</onclick>
							<property name="menu_id">$NUMBER[13900]</property>
							<property name="id">nickjr</property>
							<visible>!Skin.HasSetting(HomeMenuNokidsButton)</visible>
						</item>
					</content>
				</control>
			</control>
			<control type="group">
				<control type="group">
	                <visible>Integer.IsGreater(Container(51).NumItems,0)</visible>
	                <control type="image">
	                	<left>730</left>
	                    <top>180</top>
	                    <width>1100</width>
	                    <height>120</height>
	                    <visible>Control.HasFocus(51)</visible>
	                    <animation effect="fade" time="320" delay="200">Visible</animation>
	                    <animation effect="fade" time="50">Hidden</animation>
	                    <texture colordiffuse="$VAR[ColorHighlightVar]" border="5">listselect_fo.png</texture>
	                    <animation effect="slide" end="0,120" time="150" tween="cubic" easing="inout" condition="Integer.IsGreater(Container(51).Row,5)">Conditional</animation>
	                    <animation effect="slide" end="0,120" time="150" tween="cubic" easing="inout" condition="Integer.IsGreater(Container(51).Row,4)">Conditional</animation>
	                    <animation effect="slide" end="0,120" time="150" tween="cubic" easing="inout" condition="Integer.IsGreater(Container(51).Row,3)">Conditional</animation>
	                    <animation effect="slide" end="0,120" time="150" tween="cubic" easing="inout" condition="Integer.IsGreater(Container(51).Row,2)">Conditional</animation>
	                    <animation effect="slide" end="0,120" time="150" tween="cubic" easing="inout" condition="Integer.IsGreater(Container(51).Row,1)">Conditional</animation>
	                    <animation effect="slide" end="0,120" time="150" tween="cubic" easing="inout" condition="Integer.IsGreater(Container(51).Row,0)">Conditional</animation>
	                </control>
	            </control>
				<control type="panel" id="51">
					<left>730</left>
					<top>180</top>
					<width>1100</width>
					<height>840</height>
					<onleft>50</onleft>
					<onright condition="Container(51).HasNext | Container(51).HasPrevious">60</onright>
					<onup>51</onup>
					<ondown>51</ondown>
					<animation effect="fade" start="100" end="0" time="150" condition="Container(51).IsUpdating">conditional</animation>
					<viewtype label="535">list</viewtype>
					<pagecontrol>60</pagecontrol>
					<scrolltime tween="quadratic" easing="out">200</scrolltime>
					<itemlayout height="120" width="810">
						<control type="image">
							<left>10</left>
							<top>10</top>
							<width>100</width>
							<height>100</height>
							<aspectratio scalediffuse="false">keep</aspectratio>
							<texture background="true" diffuse="diffuse/list-icon.png" fallback="DefaultFolder.png">$INFO[ListItem.Icon]</texture>
						</control>
						<control type="label">
							<left>135</left>
							<top>3</top>
							<width>940</width>
							<height>70</height>
							<font>font30</font>
							<label>$INFO[ListItem.Label]</label>
						</control>
						<control type="label">
							<left>135</left>
							<top>52</top>
							<width>940</width>
							<height>60</height>
							<label>$INFO[ListItem.AddonSummary]</label>
						</control>
					</itemlayout>
					<focusedlayout height="120" width="810">
						<control type="image">
							<left>10</left>
							<top>10</top>
							<width>100</width>
							<height>100</height>
							<aspectratio scalediffuse="false">keep</aspectratio>
							<texture background="true" diffuse="diffuse/list-icon.png" fallback="DefaultFolder.png">$INFO[ListItem.Icon]</texture>
						</control>
						<control type="label">
							<left>135</left>
							<top>3</top>
							<width>940</width>
							<height>70</height>
							<font>font30</font>
							<label>$INFO[ListItem.Label]</label>
						</control>
						<control type="label">
							<left>135</left>
							<top>52</top>
							<width>940</width>
							<height>60</height>
							<label>$INFO[ListItem.AddonSummary]</label>
						</control>
					</focusedlayout>
					<content target="$INFO[Container(50).ListItem.Property(AppsTarget)]" sortby="$INFO[Container(50).ListItem.Property(AppsSortBy)]" sortorder="descending">$INFO[Container(50).ListItem.Property(AppsContent)]</content>
				</control>
				<control type="scrollbar" id="60">
					<visible allowhiddenfocus="true">Control.HasFocus(60) | Container(51).Scrolling</visible>
					<animation effect="fade" time="150" tween="sine" easing="inout" start="0" end="100">Visible</animation>
					<left>1910</left>
					<top>120</top>
					<width>10</width>
					<height>960</height>
					<onup>60</onup>
					<ondown>60</ondown>
					<onleft>51</onleft>
					<onright>51</onright>
					<orientation>vertical</orientation>
				</control>
			</control>
		</control>
		<include>Topbar</include>
	</controls>
</window>
