<?xml version="1.0" encoding="UTF-8"?>
<window id="1047" type="window">
	<defaultcontrol always="true">50</defaultcontrol>
	<controls>
		<include>CommonBackground</include>
		<control type="group">
			<include>Animation.Common</include>
			<visible>!Window.IsActive(addoninformation)</visible>
			<control type="group">
				<left>90</left>
				<top>0</top>
				<control type="group">
	                <visible>Integer.IsGreater(Container(50).NumItems,0)</visible>
	                <control type="image">
	                	<left>0</left>
	                    <top>180</top>
	                    <width>550</width>
	                    <height>120</height>
	                    <visible>Control.HasFocus(50)</visible>
	                    <animation effect="fade" time="320" delay="200">Visible</animation>
	                    <animation effect="fade" time="50">Hidden</animation>
	                    <texture colordiffuse="$VAR[ColorHighlightVar]" border="5">listselect_fo.png</texture>
	                    <animation effect="slide" end="0,120" time="150" tween="cubic" easing="inout" condition="Integer.IsGreater(Container(50).Row,5)">Conditional</animation>
	                    <animation effect="slide" end="0,120" time="150" tween="cubic" easing="inout" condition="Integer.IsGreater(Container(50).Row,4)">Conditional</animation>
	                    <animation effect="slide" end="0,120" time="150" tween="cubic" easing="inout" condition="Integer.IsGreater(Container(50).Row,3)">Conditional</animation>
	                    <animation effect="slide" end="0,120" time="150" tween="cubic" easing="inout" condition="Integer.IsGreater(Container(50).Row,2)">Conditional</animation>
	                    <animation effect="slide" end="0,120" time="150" tween="cubic" easing="inout" condition="Integer.IsGreater(Container(50).Row,1)">Conditional</animation>
	                    <animation effect="slide" end="0,120" time="150" tween="cubic" easing="inout" condition="Integer.IsGreater(Container(50).Row,0)">Conditional</animation>
	                </control>
	            </control>
				<control type="panel" id="50">
					<left>0</left>
					<top>180</top>
					<width>550</width>
					<height>840</height>
					<onright condition="Integer.IsGreater(Container(51).NumItems,0)">51</onright>
					<onup>50</onup>
					<ondown>50</ondown>
					<viewtype label="535">list</viewtype>
					<scrolltime tween="quadratic" easing="out">200</scrolltime>
					<itemlayout height="120" width="550">
						<control type="image">
							<left>10</left>
							<top>10</top>
							<width>100</width>
							<height>100</height>
							<aspectratio>keep</aspectratio>
							<texture background="true">$INFO[ListItem.Icon]</texture>
						</control>
						<control type="label">
							<left>135</left>
							<top>3</top>
							<width>400</width>
							<height>70</height>
							<font>font30</font>
							<label>$INFO[ListItem.Label]</label>
						</control>
						<control type="label">
							<left>135</left>
							<top>52</top>
							<width>400</width>
							<height>60</height>
							<label>$INFO[ListItem.Label2]</label>
						</control>
					</itemlayout>
					<focusedlayout height="120" width="550">
						<control type="image">
							<left>10</left>
							<top>10</top>
							<width>100</width>
							<height>100</height>
							<aspectratio>keep</aspectratio>
							<texture background="true">$INFO[ListItem.Icon]</texture>
						</control>
						<control type="label">
							<left>135</left>
							<top>3</top>
							<width>400</width>
							<height>70</height>
							<font>font30</font>
							<label>$INFO[ListItem.Label]</label>
						</control>
						<control type="label">
							<left>135</left>
							<top>52</top>
							<width>400</width>
							<height>60</height>
							<label>$INFO[ListItem.Label2]</label>
						</control>
					</focusedlayout>
					<content>
    						<item>
							<label>TV Series A-Z</label> 
							<property name="menu_id">$NUMBER[10000]</property>
							 <onclick>ActivateWindow(10025,&quot;plugin://plugin.video.AliveGR/?action=series&amp;title=TV%20Series&quot;,return)</onclick>
							<property name="id">action</property>
							<visible>!Skin.HasSetting(HomeMenuNoskycinemaButton)</visible>
						</item>
    						<item>
							<label>ALPHA</label> 
							<property name="menu_id">$NUMBER[10100]</property>
							 <onclick>ActivateWindow(10025,&quot;plugin://plugin.video.AliveGR/?action=listing&amp;title=ALPHA&amp;url=https%3a%2f%2fgreek-movies.com%2fseries.php%3fc%3d1%26l%3d%26y%3d%26g%3d&quot;,return)</onclick>
							<property name="id">action</property>
							<visible>!Skin.HasSetting(HomeMenuNoskycinemaButton)</visible>
						</item>
    						<item>
							<label>ALPHA Κύπρου</label> 
							 <onclick>ActivateWindow(10025,&quot;plugin://plugin.video.AliveGR/?action=listing&amp;title=ALPHA%20%ce%9a%cf%8d%cf%80%cf%81%ce%bf%cf%85&amp;url=https%3a%2f%2fgreek-movies.com%2fseries.php%3fc%3d2%26l%3d%26y%3d%26g%3d&quot;,return)</onclick>
						<property name="menu_id">$NUMBER[10200]</property>
							<property name="id">action</property>
							<visible>!Skin.HasSetting(HomeMenuNoskycinemaButton)</visible>
						</item>
    						<item>
							<label>ANT1</label> 
							 <onclick>ActivateWindow(10025,&quot;plugin://plugin.video.AliveGR/?action=listing&amp;title=ANT1&amp;url=https%3a%2f%2fgreek-movies.com%2fseries.php%3fc%3d3%26l%3d%26y%3d%26g%3d&quot;,return)</onclick>
						<property name="menu_id">$NUMBER[10300]</property>
							<property name="id">action</property>
							<visible>!Skin.HasSetting(HomeMenuNoskycinemaButton)</visible>
						</item>
    						<item>
							<label>ANT1 Κύπρου</label> 
							 <onclick>ActivateWindow(10025,&quot;plugin://plugin.video.AliveGR/?action=listing&amp;title=ANT1%20%ce%9a%cf%8d%cf%80%cf%81%ce%bf%cf%85&amp;url=https%3a%2f%2fgreek-movies.com%2fseries.php%3fc%3d4%26l%3d%26y%3d%26g%3d&quot;,return)</onclick>
						<property name="menu_id">$NUMBER[10400]</property>
							<property name="id">action</property>
							<visible>!Skin.HasSetting(HomeMenuNoskycinemaButton)</visible>
						</item>
    						<item>
							<label>ΕΡΤ1 - ΕΤ1 - ΕΡΤ - ΕΙΡΤ</label> 
							 <onclick>ActivateWindow(10025,&quot;plugin://plugin.video.AliveGR/?action=listing&amp;title=%ce%95%ce%a1%ce%a41%20-%20%ce%95%ce%a41%20-%20%ce%95%ce%a1%ce%a4%20-%20%ce%95%ce%99%ce%a1%ce%a4&amp;url=https%3a%2f%2fgreek-movies.com%2fseries.php%3fc%3d5%26l%3d%26y%3d%26g%3d&quot;,return)</onclick>
						<property name="menu_id">$NUMBER[10500]</property>
							<property name="id">action</property>
							<visible>!Skin.HasSetting(HomeMenuNoskycinemaButton)</visible>
						</item>
    						<item>
							<label>ΕΡΤ2 - ΝΕΤ - ΕΤ2 - ΥΕΝΕΔ</label> 
							 <onclick>ActivateWindow(10025,&quot;plugin://plugin.video.AliveGR/?action=listing&amp;title=%ce%95%ce%a1%ce%a42%20-%20%ce%9d%ce%95%ce%a4%20-%20%ce%95%ce%a42%20-%20%ce%a5%ce%95%ce%9d%ce%95%ce%94&amp;url=https%3a%2f%2fgreek-movies.com%2fseries.php%3fc%3d6%26l%3d%26y%3d%26g%3d&quot;,return)</onclick>
						<property name="menu_id">$NUMBER[10600]</property>
							<property name="id">action</property>
							<visible>!Skin.HasSetting(HomeMenuNoskycinemaButton)</visible>
						</item>
    						<item>
							<label>MEGA</label> 
							 <onclick>ActivateWindow(10025,&quot;plugin://plugin.video.AliveGR/?action=listing&amp;title=MEGA&amp;url=https%3a%2f%2fgreek-movies.com%2fseries.php%3fc%3d7%26l%3d%26y%3d%26g%3d&quot;,return)</onclick>
						<property name="menu_id">$NUMBER[10700]</property>
							<property name="id">action</property>
							<visible>!Skin.HasSetting(HomeMenuNoskycinemaButton)</visible>
						</item>
    						<item>
							<label>OPEN</label> 
							 <onclick>ActivateWindow(10025,&quot;plugin://plugin.video.AliveGR/?action=listing&amp;title=OPEN&amp;url=https%3a%2f%2fgreek-movies.com%2fseries.php%3fc%3d8%26l%3d%26y%3d%26g%3d&quot;,return)</onclick>
						<property name="menu_id">$NUMBER[10800]</property>
							<property name="id">action</property>
							<visible>!Skin.HasSetting(HomeMenuNoskycinemaButton)</visible>
						</item>    										<item>
							<label>ΡΙΚ</label> 
							 <onclick>ActivateWindow(10025,&quot;plugin://plugin.video.AliveGR/?action=listing&amp;title=%ce%a1%ce%99%ce%9a&amp;url=https%3a%2f%2fgreek-movies.com%2fseries.php%3fc%3d9%26l%3d%26y%3d%26g%3d&quot;,return)</onclick>
						<property name="menu_id">$NUMBER[10900]</property>
							<property name="id">action</property>
							<visible>!Skin.HasSetting(HomeMenuNoskycinemaButton)</visible>
						</item>
    						<item>
							<label>ΣΚΑΪ</label> 
							 <onclick>ActivateWindow(10025,&quot;plugin://plugin.video.AliveGR/?action=listing&amp;title=%ce%a3%ce%9a%ce%91%ce%aa&amp;url=https%3a%2f%2fgreek-movies.com%2fseries.php%3fc%3d10%26l%3d%26y%3d%26g%3d&quot;,return)</onclick>
						<property name="menu_id">$NUMBER[11000]</property>
							<property name="id">action</property>
							<visible>!Skin.HasSetting(HomeMenuNoskycinemaButton)</visible>
						</item>
    						<item>
							<label>STAR</label> 
							 <onclick>ActivateWindow(10025,&quot;plugin://plugin.video.AliveGR/?action=listing&amp;title=STAR&amp;url=https%3a%2f%2fgreek-movies.com%2fseries.php%3fc%3d11%26l%3d%26y%3d%26g%3d&quot;,return)</onclick>
						<property name="menu_id">$NUMBER[11100]</property>
							<property name="id">action</property>
							<visible>!Skin.HasSetting(HomeMenuNoskycinemaButton)</visible>
						</item>
        						<item>
							<label>SIGMA</label> 
							  <onclick>ActivateWindow(10025,&quot;plugin://plugin.video.AliveGR/?action=listing&amp;title=SIGMA&amp;url=https%3a%2f%2fgreek-movies.com%2fseries.php%3fc%3d12%26l%3d%26y%3d%26g%3d&quot;,return)</onclick>
						<property name="menu_id">$NUMBER[11200]</property>
							<property name="id">action</property>
							<visible>!Skin.HasSetting(HomeMenuNoskycinemaButton)</visible>
						</item>
    						<item>
							<label>Omega - TV One - Mega Κύπρου</label> 
							 <onclick>ActivateWindow(10025,&quot;plugin://plugin.video.AliveGR/?action=listing&amp;title=Omega%20-%20TV%20One%20-%20Mega%20%ce%9a%cf%8d%cf%80%cf%81%ce%bf%cf%85&amp;url=https%3a%2f%2fgreek-movies.com%2fseries.php%3fc%3d13%26l%3d%26y%3d%26g%3d&quot;,return)</onclick>
						<property name="menu_id">$NUMBER[11300]</property>
							<property name="id">action</property>
							<visible>!Skin.HasSetting(HomeMenuNoskycinemaButton)</visible>
						</item>
    						<item>
							<label>Action24</label> 
							 <onclick>ActivateWindow(10025,&quot;plugin://plugin.video.AliveGR/?action=listing&amp;title=Action24&amp;url=https%3a%2f%2fgreek-movies.com%2fseries.php%3fc%3d16%26l%3d%26y%3d%26g%3d&quot;,return)</onclick>
						<property name="menu_id">$NUMBER[11400]</property>
							<property name="id">action</property>
							<visible>!Skin.HasSetting(HomeMenuNoskycinemaButton)</visible>
						</item>
    						<item>
							<label>COSMOTE TV</label> 
							 <onclick>ActivateWindow(10025,&quot;plugin://plugin.video.AliveGR/?action=listing&amp;title=COSMOTE%20TV&amp;url=https%3a%2f%2fgreek-movies.com%2fseries.php%3fc%3d22%26l%3d%26y%3d%26g%3d&quot;,return)</onclick>
						<property name="menu_id">$NUMBER[11500]</property>
							<property name="id">action</property>
							<visible>!Skin.HasSetting(HomeMenuNoskycinemaButton)</visible>
						</item>
    						<item>
							<label>Capital TV</label> 
							 <onclick>ActivateWindow(10025,&quot;plugin://plugin.video.AliveGR/?action=listing&amp;title=Capital%20TV&amp;url=https%3a%2f%2fgreek-movies.com%2fseries.php%3fc%3d21%26l%3d%26y%3d%26g%3d&quot;,return)</onclick>
						<property name="menu_id">$NUMBER[11600]</property>
							<property name="id">action</property>
							<visible>!Skin.HasSetting(HomeMenuNoskycinemaButton)</visible>
						</item>
					</content>
				</control>
			</control>
			<control type="group">
				<control type="group">
	                <visible>Integer.IsGreater(Container(51).NumItems,0)</visible>
	                <control type="image">
	                	<left>730</left>
	                    <top>180</top>
	                    <width>1100</width>
	                    <height>120</height>
	                    <visible>Control.HasFocus(51)</visible>
	                    <animation effect="fade" time="320" delay="200">Visible</animation>
	                    <animation effect="fade" time="50">Hidden</animation>
	                    <texture colordiffuse="$VAR[ColorHighlightVar]" border="5">listselect_fo.png</texture>
	                    <animation effect="slide" end="0,120" time="150" tween="cubic" easing="inout" condition="Integer.IsGreater(Container(51).Row,5)">Conditional</animation>
	                    <animation effect="slide" end="0,120" time="150" tween="cubic" easing="inout" condition="Integer.IsGreater(Container(51).Row,4)">Conditional</animation>
	                    <animation effect="slide" end="0,120" time="150" tween="cubic" easing="inout" condition="Integer.IsGreater(Container(51).Row,3)">Conditional</animation>
	                    <animation effect="slide" end="0,120" time="150" tween="cubic" easing="inout" condition="Integer.IsGreater(Container(51).Row,2)">Conditional</animation>
	                    <animation effect="slide" end="0,120" time="150" tween="cubic" easing="inout" condition="Integer.IsGreater(Container(51).Row,1)">Conditional</animation>
	                    <animation effect="slide" end="0,120" time="150" tween="cubic" easing="inout" condition="Integer.IsGreater(Container(51).Row,0)">Conditional</animation>
	                </control>
	            </control>
				<control type="panel" id="51">
					<left>730</left>
					<top>180</top>
					<width>1100</width>
					<height>840</height>
					<onleft>50</onleft>
					<onright condition="Container(51).HasNext | Container(51).HasPrevious">60</onright>
					<onup>51</onup>
					<ondown>51</ondown>
					<animation effect="fade" start="100" end="0" time="150" condition="Container(51).IsUpdating">conditional</animation>
					<viewtype label="535">list</viewtype>
					<pagecontrol>60</pagecontrol>
					<scrolltime tween="quadratic" easing="out">200</scrolltime>
					<itemlayout height="120" width="810">
						<control type="image">
							<left>10</left>
							<top>10</top>
							<width>100</width>
							<height>100</height>
							<aspectratio scalediffuse="false">keep</aspectratio>
							<texture background="true" diffuse="diffuse/list-icon.png" fallback="DefaultFolder.png">$INFO[ListItem.Icon]</texture>
						</control>
						<control type="label">
							<left>135</left>
							<top>3</top>
							<width>940</width>
							<height>70</height>
							<font>font30</font>
							<label>$INFO[ListItem.Label]</label>
						</control>
						<control type="label">
							<left>135</left>
							<top>52</top>
							<width>940</width>
							<height>60</height>
							<label>$INFO[ListItem.AddonSummary]</label>
						</control>
					</itemlayout>
					<focusedlayout height="120" width="810">
						<control type="image">
							<left>10</left>
							<top>10</top>
							<width>100</width>
							<height>100</height>
							<aspectratio scalediffuse="false">keep</aspectratio>
							<texture background="true" diffuse="diffuse/list-icon.png" fallback="DefaultFolder.png">$INFO[ListItem.Icon]</texture>
						</control>
						<control type="label">
							<left>135</left>
							<top>3</top>
							<width>940</width>
							<height>70</height>
							<font>font30</font>
							<label>$INFO[ListItem.Label]</label>
						</control>
						<control type="label">
							<left>135</left>
							<top>52</top>
							<width>940</width>
							<height>60</height>
							<label>$INFO[ListItem.AddonSummary]</label>
						</control>
					</focusedlayout>
					<content target="$INFO[Container(50).ListItem.Property(AppsTarget)]" sortby="$INFO[Container(50).ListItem.Property(AppsSortBy)]" sortorder="descending">$INFO[Container(50).ListItem.Property(AppsContent)]</content>
				</control>
				<control type="scrollbar" id="60">
					<visible allowhiddenfocus="true">Control.HasFocus(60) | Container(51).Scrolling</visible>
					<animation effect="fade" time="150" tween="sine" easing="inout" start="0" end="100">Visible</animation>
					<left>1910</left>
					<top>120</top>
					<width>10</width>
					<height>960</height>
					<onup>60</onup>
					<ondown>60</ondown>
					<onleft>51</onleft>
					<onright>51</onright>
					<orientation>vertical</orientation>
				</control>
			</control>
		</control>
		<include>Topbar</include>
	</controls>
</window>