<?xml version="1.0" encoding="UTF-8"?>
<window id="1046" type="window">
	<defaultcontrol always="true">50</defaultcontrol>
	<controls>
		<include>CommonBackground</include>
		<control type="group">
			<include>Animation.Common</include>
			<visible>!Window.IsActive(addoninformation)</visible>
			<control type="group">
				<left>90</left>
				<top>0</top>
				<control type="group">
	                <visible>Integer.IsGreater(Container(50).NumItems,0)</visible>
	                <control type="image">
	                	<left>0</left>
	                    <top>180</top>
	                    <width>550</width>
	                    <height>120</height>
	                    <visible>Control.HasFocus(50)</visible>
	                    <animation effect="fade" time="320" delay="200">Visible</animation>
	                    <animation effect="fade" time="50">Hidden</animation>
	                    <texture colordiffuse="$VAR[ColorHighlightVar]" border="5">listselect_fo.png</texture>
	                    <animation effect="slide" end="0,120" time="150" tween="cubic" easing="inout" condition="Integer.IsGreater(Container(50).Row,5)">Conditional</animation>
	                    <animation effect="slide" end="0,120" time="150" tween="cubic" easing="inout" condition="Integer.IsGreater(Container(50).Row,4)">Conditional</animation>
	                    <animation effect="slide" end="0,120" time="150" tween="cubic" easing="inout" condition="Integer.IsGreater(Container(50).Row,3)">Conditional</animation>
	                    <animation effect="slide" end="0,120" time="150" tween="cubic" easing="inout" condition="Integer.IsGreater(Container(50).Row,2)">Conditional</animation>
	                    <animation effect="slide" end="0,120" time="150" tween="cubic" easing="inout" condition="Integer.IsGreater(Container(50).Row,1)">Conditional</animation>
	                    <animation effect="slide" end="0,120" time="150" tween="cubic" easing="inout" condition="Integer.IsGreater(Container(50).Row,0)">Conditional</animation>
	                </control>
	            </control>
				<control type="panel" id="50">
					<left>0</left>
					<top>180</top>
					<width>550</width>
					<height>840</height>
					<onright condition="Integer.IsGreater(Container(51).NumItems,0)">51</onright>
					<onup>50</onup>
					<ondown>50</ondown>
					<viewtype label="535">list</viewtype>
					<scrolltime tween="quadratic" easing="out">200</scrolltime>
					<itemlayout height="120" width="550">
						<control type="image">
							<left>10</left>
							<top>10</top>
							<width>100</width>
							<height>100</height>
							<aspectratio>keep</aspectratio>
							<texture background="true">$INFO[ListItem.Icon]</texture>
						</control>
						<control type="label">
							<left>135</left>
							<top>3</top>
							<width>400</width>
							<height>70</height>
							<font>font30</font>
							<label>$INFO[ListItem.Label]</label>
						</control>
						<control type="label">
							<left>135</left>
							<top>52</top>
							<width>400</width>
							<height>60</height>
							<label>$INFO[ListItem.Label2]</label>
						</control>
					</itemlayout>
					<focusedlayout height="120" width="550">
						<control type="image">
							<left>10</left>
							<top>10</top>
							<width>100</width>
							<height>100</height>
							<aspectratio>keep</aspectratio>
							<texture background="true">$INFO[ListItem.Icon]</texture>
						</control>
						<control type="label">
							<left>135</left>
							<top>3</top>
							<width>400</width>
							<height>70</height>
							<font>font30</font>
							<label>$INFO[ListItem.Label]</label>
						</control>
						<control type="label">
							<left>135</left>
							<top>52</top>
							<width>400</width>
							<height>60</height>
							<label>$INFO[ListItem.Label2]</label>
						</control>
					</focusedlayout>
					<content>
    						<item>
							<label>Κωμωδία</label> 
							<property name="menu_id">$NUMBER[10000]</property>
							 <onclick>ActivateWindow(10025,&quot;plugin://plugin.video.AliveGR/?action=listing&amp;title=%ce%9a%cf%89%ce%bc%cf%89%ce%b4%ce%af%ce%b1&amp;url=https%3a%2f%2fgreek-movies.com%2fmovies.php%3fg%3d1%26y%3d%26l%3d%26p%3d&quot;,return)</onclick>
							<property name="id">action</property>
							<visible>!Skin.HasSetting(HomeMenuNoskycinemaButton)</visible>
						</item>
    						<item>
							<label>Δράμα</label> 
							 <onclick>ActivateWindow(10025,&quot;plugin://plugin.video.AliveGR/?action=listing&amp;title=%ce%94%cf%81%ce%ac%ce%bc%ce%b1&amp;url=https%3a%2f%2fgreek-movies.com%2fmovies.php%3fg%3d2%26y%3d%26l%3d%26p%3d&quot;,return)</onclick>
						<property name="menu_id">$NUMBER[10200]</property>
							<property name="id">action</property>
							<visible>!Skin.HasSetting(HomeMenuNoskycinemaButton)</visible>
						</item>
    						<item>
							<label>Δράση</label> 
							 <onclick>ActivateWindow(10025,&quot;plugin://plugin.video.AliveGR/?action=listing&amp;title=%ce%94%cf%81%ce%ac%cf%83%ce%b7&amp;url=https%3a%2f%2fgreek-movies.com%2fmovies.php%3fg%3d3%26y%3d%26l%3d%26p%3d&quot;,return)</onclick>
						<property name="menu_id">$NUMBER[10300]</property>
							<property name="id">action</property>
							<visible>!Skin.HasSetting(HomeMenuNoskycinemaButton)</visible>
						</item>
    						<item>
							<label>Κοινωνική</label> 
							 <onclick>ActivateWindow(10025,&quot;plugin://plugin.video.AliveGR/?action=listing&amp;title=%ce%9a%ce%bf%ce%b9%ce%bd%cf%89%ce%bd%ce%b9%ce%ba%ce%ae&amp;url=https%3a%2f%2fgreek-movies.com%2fmovies.php%3fg%3d4%26y%3d%26l%3d%26p%3d&quot;,return)</onclick>
						<property name="menu_id">$NUMBER[10400]</property>
							<property name="id">action</property>
							<visible>!Skin.HasSetting(HomeMenuNoskycinemaButton)</visible>
						</item>
    						<item>
							<label>Έγκλημα</label> 
							 <onclick>ActivateWindow(10025,&quot;plugin://plugin.video.AliveGR/?action=listing&amp;title=%ce%88%ce%b3%ce%ba%ce%bb%ce%b7%ce%bc%ce%b1&amp;url=https%3a%2f%2fgreek-movies.com%2fmovies.php%3fg%3d5%26y%3d%26l%3d%26p%3d&quot;,return)</onclick>
						<property name="menu_id">$NUMBER[10500]</property>
							<property name="id">action</property>
							<visible>!Skin.HasSetting(HomeMenuNoskycinemaButton)</visible>
						</item>
    						<item>
							<label>Ντοκυμαντέρ</label> 
							 <onclick>ActivateWindow(10025,&quot;plugin://plugin.video.AliveGR/?action=listing&amp;title=%ce%9d%cf%84%ce%bf%ce%ba%cf%85%ce%bc%ce%b1%ce%bd%cf%84%ce%ad%cf%81&amp;url=https%3a%2f%2fgreek-movies.com%2fmovies.php%3fg%3d6%26y%3d%26l%3d%26p%3d&quot;,return)</onclick>
						<property name="menu_id">$NUMBER[10600]</property>
							<property name="id">action</property>
							<visible>!Skin.HasSetting(HomeMenuNoskycinemaButton)</visible>
						</item>
    						<item>
							<label>Ρομαντική</label> 
							 <onclick>ActivateWindow(10025,&quot;plugin://plugin.video.AliveGR/?action=listing&amp;title=%ce%a1%ce%bf%ce%bc%ce%b1%ce%bd%cf%84%ce%b9%ce%ba%ce%ae&amp;url=https%3a%2f%2fgreek-movies.com%2fmovies.php%3fg%3d7%26y%3d%26l%3d%26p%3d&quot;,return)</onclick>
						<property name="menu_id">$NUMBER[10700]</property>
							<property name="id">action</property>
							<visible>!Skin.HasSetting(HomeMenuNoskycinemaButton)</visible>
						</item>
    						<item>
							<label>Μιούσικαλ</label> 
							 <onclick>ActivateWindow(10025,&quot;plugin://plugin.video.AliveGR/?action=listing&amp;title=%ce%9c%ce%b9%ce%bf%cf%8d%cf%83%ce%b9%ce%ba%ce%b1%ce%bb&amp;url=https%3a%2f%2fgreek-movies.com%2fmovies.php%3fg%3d9%26y%3d%26l%3d%26p%3d&quot;,return)</onclick>
						<property name="menu_id">$NUMBER[10800]</property>
							<property name="id">action</property>
							<visible>!Skin.HasSetting(HomeMenuNoskycinemaButton)</visible>
						</item>    										<item>
							<label>Ιστορική</label> 
							 <onclick>ActivateWindow(10025,&quot;plugin://plugin.video.AliveGR/?action=listing&amp;title=%ce%99%cf%83%cf%84%ce%bf%cf%81%ce%b9%ce%ba%ce%ae&amp;url=https%3a%2f%2fgreek-movies.com%2fmovies.php%3fg%3d10%26y%3d%26l%3d%26p%3d&quot;,return)</onclick>
						<property name="menu_id">$NUMBER[10900]</property>
							<property name="id">action</property>
							<visible>!Skin.HasSetting(HomeMenuNoskycinemaButton)</visible>
						</item>
    						<item>
							<label>Θρίλλερ</label> 
							 <onclick>ActivateWindow(10025,&quot;plugin://plugin.video.AliveGR/?action=listing&amp;title=%ce%98%cf%81%ce%af%ce%bb%ce%bb%ce%b5%cf%81&amp;url=https%3a%2f%2fgreek-movies.com%2fmovies.php%3fg%3d11%26y%3d%26l%3d%26p%3d&quot;,return)</onclick>
						<property name="menu_id">$NUMBER[11000]</property>
							<property name="id">action</property>
							<visible>!Skin.HasSetting(HomeMenuNoskycinemaButton)</visible>
						</item>
    						<item>
							<label>Τρόμου</label> 
							 <onclick>ActivateWindow(10025,&quot;plugin://plugin.video.AliveGR/?action=listing&amp;title=%ce%a4%cf%81%cf%8c%ce%bc%ce%bf%cf%85&amp;url=https%3a%2f%2fgreek-movies.com%2fmovies.php%3fg%3d12%26y%3d%26l%3d%26p%3d&quot;,return)</onclick>
						<property name="menu_id">$NUMBER[11100]</property>
							<property name="id">action</property>
							<visible>!Skin.HasSetting(HomeMenuNoskycinemaButton)</visible>
						</item>
        						<item>
							<label>Περιπέτεια</label> 
							  <onclick>ActivateWindow(10025,&quot;plugin://plugin.video.AliveGR/?action=listing&amp;title=%ce%a0%ce%b5%cf%81%ce%b9%cf%80%ce%ad%cf%84%ce%b5%ce%b9%ce%b1&amp;url=https%3a%2f%2fgreek-movies.com%2fmovies.php%3fg%3d13%26y%3d%26l%3d%26p%3d&quot;,return)</onclick>
						<property name="menu_id">$NUMBER[11200]</property>
							<property name="id">action</property>
							<visible>!Skin.HasSetting(HomeMenuNoskycinemaButton)</visible>
						</item>
    						<item>
							<label>Επιστημονικής φαντασίας</label> 
							 <onclick>ActivateWindow(10025,&quot;plugin://plugin.video.AliveGR/?action=listing&amp;title=%ce%95%cf%80%ce%b9%cf%83%cf%84%ce%b7%ce%bc%ce%bf%ce%bd%ce%b9%ce%ba%ce%ae%cf%82%20%cf%86%ce%b1%ce%bd%cf%84%ce%b1%cf%83%ce%af%ce%b1%cf%82&amp;url=https%3a%2f%2fgreek-movies.com%2fmovies.php%3fg%3d14%26y%3d%26l%3d%26p%3d&quot;,return)</onclick>
						<property name="menu_id">$NUMBER[11300]</property>
							<property name="id">action</property>
							<visible>!Skin.HasSetting(HomeMenuNoskycinemaButton)</visible>
						</item>
    						<item>
							<label>Πολιτική</label> 
							 <onclick>ActivateWindow(10025,&quot;plugin://plugin.video.AliveGR/?action=listing&amp;title=%ce%a0%ce%bf%ce%bb%ce%b9%cf%84%ce%b9%ce%ba%ce%ae&amp;url=https%3a%2f%2fgreek-movies.com%2fmovies.php%3fg%3d15%26y%3d%26l%3d%26p%3d&quot;,return)</onclick>
						<property name="menu_id">$NUMBER[11400]</property>
							<property name="id">action</property>
							<visible>!Skin.HasSetting(HomeMenuNoskycinemaButton)</visible>
						</item>
    						<item>
							<label>Πολεμική</label> 
							 <onclick>ActivateWindow(10025,&quot;plugin://plugin.video.AliveGR/?action=listing&amp;title=%ce%a0%ce%bf%ce%bb%ce%b5%ce%bc%ce%b9%ce%ba%ce%ae&amp;url=https%3a%2f%2fgreek-movies.com%2fmovies.php%3fg%3d16%26y%3d%26l%3d%26p%3d&quot;,return)</onclick>
						<property name="menu_id">$NUMBER[11500]</property>
							<property name="id">action</property>
							<visible>!Skin.HasSetting(HomeMenuNoskycinemaButton)</visible>
						</item>
    						<item>
							<label>Μυθοπλασία</label> 
							 <onclick>ActivateWindow(10025,&quot;plugin://plugin.video.AliveGR/?action=listing&amp;title=%ce%9c%cf%85%ce%b8%ce%bf%cf%80%ce%bb%ce%b1%cf%83%ce%af%ce%b1&amp;url=https%3a%2f%2fgreek-movies.com%2fmovies.php%3fg%3d17%26y%3d%26l%3d%26p%3d&quot;,return)</onclick>
						<property name="menu_id">$NUMBER[11600]</property>
							<property name="id">action</property>
							<visible>!Skin.HasSetting(HomeMenuNoskycinemaButton)</visible>
						</item>
    						<item>
							<label>Ερωτική</label> 
							 <onclick>ActivateWindow(10025,&quot;plugin://plugin.video.AliveGR/?action=listing&amp;title=%ce%95%cf%81%cf%89%cf%84%ce%b9%ce%ba%ce%ae&amp;url=https%3a%2f%2fgreek-movies.com%2fmovies.php%3fg%3d18%26y%3d%26l%3d%26p%3d&quot;,return)</onclick>
						<property name="menu_id">$NUMBER[11700]</property>
							<property name="id">action</property>
							<visible>!Skin.HasSetting(HomeMenuNoskycinemaButton)</visible>
						</item>
    						<item>
							<label>Βιογραφία</label> 
							 <onclick>ActivateWindow(10025,&quot;plugin://plugin.video.AliveGR/?action=listing&amp;title=%ce%92%ce%b9%ce%bf%ce%b3%cf%81%ce%b1%cf%86%ce%af%ce%b1&amp;url=https%3a%2f%2fgreek-movies.com%2fmovies.php%3fg%3d19%26y%3d%26l%3d%26p%3d&quot;,return)</onclick>
						<property name="menu_id">$NUMBER[11800]</property>
							<property name="id">action</property>
							<visible>!Skin.HasSetting(HomeMenuNoskycinemaButton)</visible>
						</item>
					</content>
				</control>
			</control>
			<control type="group">
				<control type="group">
	                <visible>Integer.IsGreater(Container(51).NumItems,0)</visible>
	                <control type="image">
	                	<left>730</left>
	                    <top>180</top>
	                    <width>1100</width>
	                    <height>120</height>
	                    <visible>Control.HasFocus(51)</visible>
	                    <animation effect="fade" time="320" delay="200">Visible</animation>
	                    <animation effect="fade" time="50">Hidden</animation>
	                    <texture colordiffuse="$VAR[ColorHighlightVar]" border="5">listselect_fo.png</texture>
	                    <animation effect="slide" end="0,120" time="150" tween="cubic" easing="inout" condition="Integer.IsGreater(Container(51).Row,5)">Conditional</animation>
	                    <animation effect="slide" end="0,120" time="150" tween="cubic" easing="inout" condition="Integer.IsGreater(Container(51).Row,4)">Conditional</animation>
	                    <animation effect="slide" end="0,120" time="150" tween="cubic" easing="inout" condition="Integer.IsGreater(Container(51).Row,3)">Conditional</animation>
	                    <animation effect="slide" end="0,120" time="150" tween="cubic" easing="inout" condition="Integer.IsGreater(Container(51).Row,2)">Conditional</animation>
	                    <animation effect="slide" end="0,120" time="150" tween="cubic" easing="inout" condition="Integer.IsGreater(Container(51).Row,1)">Conditional</animation>
	                    <animation effect="slide" end="0,120" time="150" tween="cubic" easing="inout" condition="Integer.IsGreater(Container(51).Row,0)">Conditional</animation>
	                </control>
	            </control>
				<control type="panel" id="51">
					<left>730</left>
					<top>180</top>
					<width>1100</width>
					<height>840</height>
					<onleft>50</onleft>
					<onright condition="Container(51).HasNext | Container(51).HasPrevious">60</onright>
					<onup>51</onup>
					<ondown>51</ondown>
					<animation effect="fade" start="100" end="0" time="150" condition="Container(51).IsUpdating">conditional</animation>
					<viewtype label="535">list</viewtype>
					<pagecontrol>60</pagecontrol>
					<scrolltime tween="quadratic" easing="out">200</scrolltime>
					<itemlayout height="120" width="810">
						<control type="image">
							<left>10</left>
							<top>10</top>
							<width>100</width>
							<height>100</height>
							<aspectratio scalediffuse="false">keep</aspectratio>
							<texture background="true" diffuse="diffuse/list-icon.png" fallback="DefaultFolder.png">$INFO[ListItem.Icon]</texture>
						</control>
						<control type="label">
							<left>135</left>
							<top>3</top>
							<width>940</width>
							<height>70</height>
							<font>font30</font>
							<label>$INFO[ListItem.Label]</label>
						</control>
						<control type="label">
							<left>135</left>
							<top>52</top>
							<width>940</width>
							<height>60</height>
							<label>$INFO[ListItem.AddonSummary]</label>
						</control>
					</itemlayout>
					<focusedlayout height="120" width="810">
						<control type="image">
							<left>10</left>
							<top>10</top>
							<width>100</width>
							<height>100</height>
							<aspectratio scalediffuse="false">keep</aspectratio>
							<texture background="true" diffuse="diffuse/list-icon.png" fallback="DefaultFolder.png">$INFO[ListItem.Icon]</texture>
						</control>
						<control type="label">
							<left>135</left>
							<top>3</top>
							<width>940</width>
							<height>70</height>
							<font>font30</font>
							<label>$INFO[ListItem.Label]</label>
						</control>
						<control type="label">
							<left>135</left>
							<top>52</top>
							<width>940</width>
							<height>60</height>
							<label>$INFO[ListItem.AddonSummary]</label>
						</control>
					</focusedlayout>
					<content target="$INFO[Container(50).ListItem.Property(AppsTarget)]" sortby="$INFO[Container(50).ListItem.Property(AppsSortBy)]" sortorder="descending">$INFO[Container(50).ListItem.Property(AppsContent)]</content>
				</control>
				<control type="scrollbar" id="60">
					<visible allowhiddenfocus="true">Control.HasFocus(60) | Container(51).Scrolling</visible>
					<animation effect="fade" time="150" tween="sine" easing="inout" start="0" end="100">Visible</animation>
					<left>1910</left>
					<top>120</top>
					<width>10</width>
					<height>960</height>
					<onup>60</onup>
					<ondown>60</ondown>
					<onleft>51</onleft>
					<onright>51</onright>
					<orientation>vertical</orientation>
				</control>
			</control>
		</control>
		<include>Topbar</include>
	</controls>
</window>