<?xml version="1.0" encoding="UTF-8"?>
<addon
 id="skin.GreekIII"
 version="3.4.4"
 name="GreekIII"
 provider-name="braz">
	<requires>
		<import addon="xbmc.gui" version="5.14.0" />
		<import addon="script.skinshortcuts" version="1.0.10" />
		<import addon="service.library.data.provider" version="0.0.7" />
		<import addon="resource.images.studios.white" version="0.0.1" />
		<import addon="resource.images.recordlabels.white" version="0.0.1" />
	</requires>
	<extension point="xbmc.gui.skin" debugging="false">
		<res width="1920" height="1080" aspect="16:9" default="true" folder="16x9" />
	</extension>
	<extension point="xbmc.addon.metadata">
		<summary lang="bg_BG">Mimic от braz</summary>
		<summary lang="ca_ES">Mimic per braz</summary>
		<summary lang="de_DE">Mimic von braz</summary>
		<summary lang="en_AU">Mimic by braz</summary>
		<summary lang="en_GB">Mimic by braz</summary>
		<summary lang="en_NZ">Mimic by braz</summary>
		<summary lang="en_US">Mimic by braz</summary>
		<summary lang="es_ES">Mimic por braz</summary>
		<summary lang="et_EE">Mimic autorilt braz</summary>
		<summary lang="fi_FI">brazin Mimic</summary>
		<summary lang="fr_CA">Mimique par braz</summary>
		<summary lang="fr_FR">Mimic par braz</summary>
		<summary lang="gl_ES">Mimic por braz</summary>
		<summary lang="it_IT">Mimic by braz</summary>
		<summary lang="ko_KR">braz이 만든 Mimic</summary>
		<summary lang="lt_LT">Mimic, sukurta braz</summary>
		<summary lang="ms_MY">Mimic oleh byranbrazil</summary>
		<summary lang="nl_NL">Mimic door braz</summary>
		<summary lang="pl_PL">Mimic autorstwa braz</summary>
		<summary lang="pt_BR">Mimic por braz</summary>
		<summary lang="pt_PT">Mimic por braz</summary>
		<summary lang="sr_RS@latin">Mimic od braz</summary>
		<summary lang="sv_SE">Mimic av braz</summary>
		<summary lang="tr_TR">Mimic, yazan: braz</summary>
		<summary lang="zh_CN">Mimic by braz</summary>
		<description lang="bg_BG">Mimic: Облик за Kodi съдържащ елементи от reFocus и Aeon Nox. Благодарности на  BigNoid и Jeroen.</description>
		<description lang="ca_ES">Mimic: Una pell amb tocs de reFocus i d'Aeon Nox. Gràcies a BigNoid i Jeroen.</description>
		<description lang="de_DE">Mimic: Eine dreiste Zusammenstellung von Features meiner Lieblings-Skins, darunter Aeon Nox, reFocus und Artic Zephyr.</description>
		<description lang="en_AU">Mimic: A shameless amalgamation of features from my favourite skins, including Aeon Nox, reFocus, and Arctic Zephyr.</description>
		<description lang="en_GB">Mimic: A shameless amalgamation of features from my favourite skins, including Aeon Nox, reFocus, and Arctic Zephyr.</description>
		<description lang="en_NZ">Mimic: A shameless amalgamation of features from my favourite skins, including Aeon Nox, reFocus, and Arctic Zephyr.</description>
		<description lang="en_US">Mimic: A shameless amalgamation of features from my favorite skins, including Aeon Nox, reFocus, and Arctic Zephyr.</description>
		<description lang="et_EE">Mimic on Kodi rüü, mis on saanud mõjutusi reFocus ja Aeon Nox rüüdest. Suured tänud, BigNoid ja Jeroen.</description>
		<description lang="fr_CA">Mimique : un habillage de Kodi avec des airs de reFocus et d'Aeon Nox grâce à BigNoid et Jeroen.</description>
		<description lang="fr_FR">Mimic : un habillage pour Kodi avec des touches d'inspiration de reFocus et Aeon Nox. De grands mercis à BigNoid et Jeroen.</description>
		<description lang="gl_ES">Mimic: Un tema para Kodi con toques do reFocus e Aeon Nox. Moitas grazas a BigNoid e Jeroen.</description>
		<description lang="ko_KR">Mimic: reFocus와 Aeon Nox를 수정한 Kodi 스킨. BigNoid와 Jeroen에게 깊은 감사를 드립니다.</description>
		<description lang="lt_LT">Mimic: Kodi teminė išvaizda, kurioje panaudoti elementai iš reFocus ir Aeon Nox. Didelis ačiū BigNoid ir Jeroen.</description>
		<description lang="ms_MY">Mimic: Kulit Kodi dengan sentuhan reFocus dan Aeon Nox. Ucapan terima kasih buat BigNoid dan Jeroen.</description>
		<description lang="nl_NL">Mimic is een Kodi skin geinspireerd door reFocus en Aeon Nox. Met dank aan BigNoid en Jeroen.</description>
		<description lang="pl_PL">Mimic: Skóra Kodi z domieszką skór reFocus i Aeon Nox. Wielkie podziękowania dla BigNoid i Jeroen.</description>
		<description lang="pt_BR">Mimic: Uma skin Kodi con toques da reFocus e Aeon Nox. Meus agradecimentos a BigNoid e Jeroen.</description>
		<description lang="sr_RS@latin">Mimic: Kodi maska sa dozom reFocus i Aeon Nox. Mnogo hvala BigNoid i Jeroen.</description>
		<description lang="sv_SE">Mimic: Ett Kodi-skal med en touch av reFocus och Aeon Nox. Många tack till BigNoid och Jeroen.</description>
		<description lang="tr_TR">Mimic: Benim en sevdiğim  Aeon Nox, reFocus, ve Arctic Zephyr dış görünümlerin özelliklerinin utanmazca birleşmesi.</description>
		<platform>all</platform>
		<license>GNU GENERAL PUBLIC LICENSE. Version 2, June 1991</license>
		<forum>http://forum.kodi.tv/showthread.php?tid=221728</forum>
		<website></website>
		<email></email>
		<source>https://github.com/braz96/skin.mimic</source>
	</extension>
</addon>